[
  {
    "pk": 14,
    "model": "contenttypes.contenttype",
    "fields": {
      "model": "application",
      "name": "application",
      "app_label": "home"
    }
  },
  {
    "pk": 16,
    "model": "contenttypes.contenttype",
    "fields": {
      "model": "brand",
      "name": "brand",
      "app_label": "home"
    }
  },
  {
    "pk": 12,
    "model": "contenttypes.contenttype",
    "fields": {
      "model": "category",
      "name": "category",
      "app_label": "home"
    }
  },
  {
    "pk": 4,
    "model": "contenttypes.contenttype",
    "fields": {
      "model": "contenttype",
      "name": "content type",
      "app_label": "contenttypes"
    }
  },
  {
    "pk": 15,
    "model": "contenttypes.contenttype",
    "fields": {
      "model": "exampleservice",
      "name": "example service",
      "app_label": "services"
    }
  },
  {
    "pk": 24,
    "model": "contenttypes.contenttype",
    "fields": {
      "model": "feedback_serprov",
      "name": "feedback_serprov",
      "app_label": "provider"
    }
  },
  {
    "pk": 2,
    "model": "contenttypes.contenttype",
    "fields": {
      "model": "group",
      "name": "group",
      "app_label": "auth"
    }
  },
  {
    "pk": 18,
    "model": "contenttypes.contenttype",
    "fields": {
      "model": "icon",
      "name": "icon",
      "app_label": "home"
    }
  },
  {
    "pk": 23,
    "model": "contenttypes.contenttype",
    "fields": {
      "model": "intervention",
      "name": "intervention",
      "app_label": "provider"
    }
  },
  {
    "pk": 7,
    "model": "contenttypes.contenttype",
    "fields": {
      "model": "logentry",
      "name": "log entry",
      "app_label": "admin"
    }
  },
  {
    "pk": 9,
    "model": "contenttypes.contenttype",
    "fields": {
      "model": "migrationhistory",
      "name": "migration history",
      "app_label": "south"
    }
  },
  {
    "pk": 17,
    "model": "contenttypes.contenttype",
    "fields": {
      "model": "package",
      "name": "package",
      "app_label": "services"
    }
  },
  {
    "pk": 1,
    "model": "contenttypes.contenttype",
    "fields": {
      "model": "permission",
      "name": "permission",
      "app_label": "auth"
    }
  },
  {
    "pk": 11,
    "model": "contenttypes.contenttype",
    "fields": {
      "model": "sensor",
      "name": "sensor",
      "app_label": "home"
    }
  },
  {
    "pk": 22,
    "model": "contenttypes.contenttype",
    "fields": {
      "model": "serprov",
      "name": "serprov",
      "app_label": "provider"
    }
  },
  {
    "pk": 5,
    "model": "contenttypes.contenttype",
    "fields": {
      "model": "session",
      "name": "session",
      "app_label": "sessions"
    }
  },
  {
    "pk": 6,
    "model": "contenttypes.contenttype",
    "fields": {
      "model": "site",
      "name": "site",
      "app_label": "sites"
    }
  },
  {
    "pk": 10,
    "model": "contenttypes.contenttype",
    "fields": {
      "model": "technology",
      "name": "technology",
      "app_label": "home"
    }
  },
  {
    "pk": 3,
    "model": "contenttypes.contenttype",
    "fields": {
      "model": "user",
      "name": "user",
      "app_label": "auth"
    }
  },
  {
    "pk": "zy72nla3z2nhcrj5h0vibro4d6rgqaxq",
    "model": "sessions.session",
    "fields": {
      "expire_date": "2013-06-15T07:37:04.198Z",
      "session_data": "NzZiOThiMzk2OWM2NWI3MGE3ZDg1OWY4MTc2YmUwMTM1ZTgyMjYyYzqAAn1xAVUGd2ViY2FtcQKJcy4="
    }
  },
  {
    "pk": "zxsrd6cin4ezkyg30ou9q90d8djzbztm",
    "model": "sessions.session",
    "fields": {
      "expire_date": "2013-06-11T07:09:03.288Z",
      "session_data": "MGRkOTM0M2FmNDA1NmFlZmM5ZWU0NTBmMmEyYzgxN2EwODFkZGY0OTqAAn1xAS4="
    }
  },
  {
    "pk": "sd0fuwgqzkpo7vf0p8dffgsnr28bid3l",
    "model": "sessions.session",
    "fields": {
      "expire_date": "2013-06-16T17:20:07.377Z",
      "session_data": "YTFiZmNiMmI4YmI3Mjg4OGZhMWNmOGFiNzZiM2E5NzZjZTliNTAyNjqAAn1xAShVBndlYmNhbYlVDWxhdGVzdF9zZW5zb3JjZGphbmdvLmRiLm1vZGVscy5xdWVyeQpRdWVyeVNldApxAimBcQN9cQQoVQVfaXRlcnEFTlUZX3ByZWZldGNoX3JlbGF0ZWRfbG9va3Vwc3EGXXEHVQ5fc3RpY2t5X2ZpbHRlcnEIiVUDX2RicQlOVQ1fcmVzdWx0X2NhY2hlcQpdcQtjY29weV9yZWcKX3JlY29uc3RydWN0b3IKcQxjaG9tZS5tb2RlbHMKU2Vuc29yCnENY19fYnVpbHRpbl9fCm9iamVjdApxDk6HUnEPfXEQKFUHcGljdHVyZXERWAoAAAB3ZWJjYW0ucG5nVQRjb2RlcRJYAgAAADAxVQRsZWFkcRNYDwAAAFNlY3VyaXR5IENhbWVyYVUMX2JyYW5kX2NhY2hlcRRoDGNob21lLm1vZGVscwpCcmFuZApxFWgOTodScRZ9cRcoVQRsb2dvcRhYAAAAAFUGX3N0YXRlcRljZGphbmdvLmRiLm1vZGVscy5iYXNlCk1vZGVsU3RhdGUKcRopgXEbfXEcKFUGYWRkaW5ncR2JVQJkYnEeVQdkZWZhdWx0cR91YlUCaWRxIEsDVQRuYW1lcSFYBgAAAEQtTGlua3ViVQVwcmljZXEiY2RlY2ltYWwKRGVjaW1hbApxI1UGMTE0Ljk1hVJxJGgZaBopgXElfXEmKGgdiWgeaB91YlUGbnVtYmVycSdLAVUFbGFiZWxxKFgGAAAAV2ViY2FtVQhicmFuZF9pZHEpSwNVDXRlY2hub2xvZ3lfaWRxKksEVRFfdGVjaG5vbG9neV9jYWNoZXEraAxjaG9tZS5tb2RlbHMKVGVjaG5vbG9neQpxLGgOTodScS19cS4oaBhYAAAAAGgZaBopgXEvfXEwKGgdiWgeaB91YmggSwRoIVgEAAAAV2xhbnViVQRkYXRlcTFjZGF0ZXRpbWUKZGF0ZQpxMlUEB90FG4VScTNVCWluc3RhbGxlZHE0iGggSwF1YmFVDl9wcmVmZXRjaF9kb25lcTWJVQpfZm9yX3dyaXRlcTaJVQVxdWVyeXE3Y2RqYW5nby5kYi5tb2RlbHMuc3FsLnF1ZXJ5ClF1ZXJ5CnE4KYFxOX1xOihVFWFnZ3JlZ2F0ZV9zZWxlY3RfbWFza3E7TlUXX2FnZ3JlZ2F0ZV9zZWxlY3RfY2FjaGVxPE5VBWV4dHJhcT1jZGphbmdvLnV0aWxzLmRhdGFzdHJ1Y3R1cmVzClNvcnRlZERpY3QKcT4pgXE/fXFAVQhrZXlPcmRlcnFBXXNiVQhqb2luX21hcHFCfXFDKE5YCwAAAGhvbWVfc2Vuc29ycUROTnRoRIVzVRVyZWxhdGVkX3NlbGVjdF9maWVsZHNxRV1VDGV4dHJhX3RhYmxlc3FGKVUJYWxpYXNfbWFwcUd9cUhoRGNkamFuZ28uZGIubW9kZWxzLnNxbC5jb25zdGFudHMKSm9pbkluZm8KcUkoaERoRE5OTk6JdIFxSmNjb2xsZWN0aW9ucwpPcmRlcmVkRGljdApxS11xTChdcU0oVQp0YWJsZV9uYW1lcU5oRGVdcU8oVQlyaHNfYWxpYXNxUGhEZV1xUShVCWpvaW5fdHlwZXFSTmVdcVMoVQlsaHNfYWxpYXNxVE5lXXFVKFUMbGhzX2pvaW5fY29scVZOZV1xVyhVDHJoc19qb2luX2NvbHFYTmVdcVkoVQhudWxsYWJsZXFaiWVlhVJxW2JzVQZ0YWJsZXNxXF1xXWhEYVUMdXNlZF9hbGlhc2VzcV5jX19idWlsdGluX18Kc2V0CnFfXXFgaERhhVJxYVUIb3JkZXJfYnlxYl1xY1UIZGlzdGluY3RxZIlVDmR1cGVfYXZvaWRhbmNlcWV9cWZVEGRlZmF1bHRfb3JkZXJpbmdxZ4hVCGdyb3VwX2J5cWhOVRFzZWxlY3RfZm9yX3VwZGF0ZXFpiVUOc2VsZWN0X3JlbGF0ZWRxaolVEGRlZmVycmVkX2xvYWRpbmdxa2hfXYVScWyIhnFtVQ1zZWxlY3RfZmllbGRzcW5dVRNfZXh0cmFfc2VsZWN0X2NhY2hlcW9OVQltYXhfZGVwdGhxcEsFVQZzZWxlY3RxcV1xclUOZXh0cmFfb3JkZXJfYnlxcylVD2Rpc3RpbmN0X2ZpZWxkc3F0XXF1VQphZ2dyZWdhdGVzcXZoPimBcXd9cXhoQV1zYlUZX2xvYWRlZF9maWVsZF9uYW1lc19jYWNoZXF5fXF6VRFleHRyYV9zZWxlY3RfbWFza3F7TlUYc2VsZWN0X2Zvcl91cGRhdGVfbm93YWl0cXyJVQhsb3dfbWFya3F9SwBVDmFsaWFzX3JlZmNvdW50cX59cX9oREsBc1UTcmVsYXRlZF9zZWxlY3RfY29sc3GAXVUMZGVmYXVsdF9jb2xzcYGIVRBvcmRlcmluZ19hbGlhc2VzcYJdcYNVCWhpZ2hfbWFya3GETlUZaW5jbHVkZWRfaW5oZXJpdGVkX21vZGVsc3GFfXGGTmhEc1UJdGFibGVfbWFwcYd9cYhoRF1xiWhEYXNVC3doZXJlX2NsYXNzcYpjZGphbmdvLmRiLm1vZGVscy5zcWwud2hlcmUKV2hlcmVOb2RlCnGLVQVtb2RlbHGMaA1VEXN0YW5kYXJkX29yZGVyaW5ncY2IVQV3aGVyZXGOaIspgXGPfXGQKFUJY29ubmVjdG9ycZFVA0FORHGSVQduZWdhdGVkcZOJVQhjaGlsZHJlbnGUXXGVaIspgXGWfXGXKGiRaJJok4lolF1xmChjZGphbmdvLmRiLm1vZGVscy5zcWwud2hlcmUKQ29uc3RyYWludApxmSmBcZp9cZsoVQVhbGlhc3GcaERVBW1vZGVscZ1oDVUKZmllbGRfbmFtZXGeaBJVA2NvbHGfVQRjb2RlcaB1YlUFZXhhY3SIWAIAAAAwMXRxoWFVD3N1YnRyZWVfcGFyZW50c3GiXXViYWiiXXViVQZoYXZpbmdxo2iLKYFxpH1xpShokWiSaJOJaJRdaKJddWJVEGZpbHRlcl9pc19zdGlja3lxpol1YmidaA1VFl9rbm93bl9yZWxhdGVkX29iamVjdHNxp31xqHViVQ1fYXV0aF91c2VyX2lkSwFVEl9hdXRoX3VzZXJfYmFja2VuZFUpZGphbmdvLmNvbnRyaWIuYXV0aC5iYWNrZW5kcy5Nb2RlbEJhY2tlbmR1Lg=="
    }
  },
  {
    "pk": "3172523ffa8dc7c29071ccb05a2cc5fd",
    "model": "sessions.session",
    "fields": {
      "expire_date": "2013-06-16T17:26:17.296Z",
      "session_data": "MDUwZmQ0ZDhkYjY3ZDU0MWFjOGJlYWYyMTk3NDkwOGIwM2I1MGFmNzqAAn1xAVUGd2ViY2FtiXMu\n"
    }
  },
  {
    "pk": "an9hetk9zl6bj5j6tle6u6a0yq4ysenz",
    "model": "sessions.session",
    "fields": {
      "expire_date": "2013-06-15T09:24:04.010Z",
      "session_data": "NzZiOThiMzk2OWM2NWI3MGE3ZDg1OWY4MTc2YmUwMTM1ZTgyMjYyYzqAAn1xAVUGd2ViY2FtcQKJcy4="
    }
  },
  {
    "pk": "v1p48zst9g4dfl4p66j4fbepe2peoknz",
    "model": "sessions.session",
    "fields": {
      "expire_date": "2013-06-10T13:59:56.058Z",
      "session_data": "ZjhmNWVjOWUzNmI3OWFiODAxZGEzOTE2MzQxZjIzMGFlOTBmM2YxZDqAAn1xAVUNbGF0ZXN0X3NlbnNvcnECWAAAAABzLg=="
    }
  },
  {
    "pk": "pzcs6hz0ynhuzptd4jxndk1km49200rq",
    "model": "sessions.session",
    "fields": {
      "expire_date": "2013-06-13T11:58:33.531Z",
      "session_data": "NzZiOThiMzk2OWM2NWI3MGE3ZDg1OWY4MTc2YmUwMTM1ZTgyMjYyYzqAAn1xAVUGd2ViY2FtcQKJcy4="
    }
  },
  {
    "pk": "uhhwkb3678ibfggrtch54k0e9r8b0zmr",
    "model": "sessions.session",
    "fields": {
      "expire_date": "2013-06-13T12:00:11.920Z",
      "session_data": "NzZiOThiMzk2OWM2NWI3MGE3ZDg1OWY4MTc2YmUwMTM1ZTgyMjYyYzqAAn1xAVUGd2ViY2FtcQKJcy4="
    }
  },
  {
    "pk": "82919dd7aa7fc94324efcf444846ec5f",
    "model": "sessions.session",
    "fields": {
      "expire_date": "2013-06-16T17:55:33.805Z",
      "session_data": "NzZiOThiMzk2OWM2NWI3MGE3ZDg1OWY4MTc2YmUwMTM1ZTgyMjYyYzqAAn1xAVUGd2ViY2FtcQKJ\ncy4=\n"
    }
  },
  {
    "pk": "6ete76rx5nw84kxk4rkc4bhlbiuqfsg0",
    "model": "sessions.session",
    "fields": {
      "expire_date": "2013-06-15T11:01:35.662Z",
      "session_data": "MjYyNDk5MjYzMzRhNDc3MmVjZDI0ZmFmODExMzE3ZmJkZTM4Mzc4ZjqAAn1xAShVBndlYmNhbYlVDWxhdGVzdF9zZW5zb3JjZGphbmdvLmRiLm1vZGVscy5xdWVyeQpRdWVyeVNldApxAimBcQN9cQQoVQVfaXRlcnEFTlUWX2tub3duX3JlbGF0ZWRfb2JqZWN0c3EGfXEHVQ5fc3RpY2t5X2ZpbHRlcnEIiVUDX2RicQlOVQ1fcmVzdWx0X2NhY2hlcQpdcQtjY29weV9yZWcKX3JlY29uc3RydWN0b3IKcQxjaG9tZS5tb2RlbHMKU2Vuc29yCnENY19fYnVpbHRpbl9fCm9iamVjdApxDk6HUnEPfXEQKFUMX2JyYW5kX2NhY2hlaAxjaG9tZS5tb2RlbHMKQnJhbmQKcRFoDk6HUnESfXETKFUIbG9nb191cmxxFFhqAAAAaHR0cHM6Ly9lbmNyeXB0ZWQtdGJuMi5nc3RhdGljLmNvbS9pbWFnZXM/cT10Ym46QU5kOUdjVEhObzhqdExscEswV3pybXo2YUh0NzJQMGtHUU5ibERRS2tTUmtnSGt4QVdlMTVCbHlpZ1UGX3N0YXRlcRVjZGphbmdvLmRiLm1vZGVscy5iYXNlCk1vZGVsU3RhdGUKcRYpgXEXfXEYKFUGYWRkaW5ncRmJVQJkYnEaVQdkZWZhdWx0cRt1YlUCaWRxHEsCVQRuYW1lcR1YDAAAAE5pbmphIEJsb2Nrc3ViVQRjb2RlcR5YAgAAADAyVQRsZWFkcR9YFAAAAE1lYXN1cmVzIHRlbXBlcmF0dXJlVQVwcmljZXEgTlULcGljdHVyZV91cmxxIVgsAAAAaHR0cDovL3d3dy5icmVzaW5rLmRlL0ltYWdlcy9UZW1wTW9uaXRvci5wbmdoFWgWKYFxIn1xIyhoGYloGmgbdWJVBm51bWJlcnEkSwJVBWxhYmVscSVYEgAAAFRlbXBlcmF0dXJlIHNlbnNvclUIYnJhbmRfaWRxJksCVQ10ZWNobm9sb2d5X2lkcSdLB1URX3RlY2hub2xvZ3lfY2FjaGVoDGNob21lLm1vZGVscwpUZWNobm9sb2d5CnEoaA5Oh1JxKX1xKihoFFhIAAAAaHR0cDovL3N0YXRpYy5pb3NwaXJpdC5jb20vc3RhdGljL29iamVjdGZpbGVzL2ltYWdlLzg2OS9IYXJkd2FyZVdMQU4ucG5naBVoFimBcSt9cSwoaBmJaBpoG3ViaBxLB2gdWAUAAAA0MzMgbnViVQRkYXRlcS1jZGF0ZXRpbWUKZGF0ZQpxLlUEB90FG4VScS9VCWluc3RhbGxlZHEwiGgcSwJ1YmFVDl9wcmVmZXRjaF9kb25lcTGJVQpfZm9yX3dyaXRlcTKJVQVxdWVyeXEzY2RqYW5nby5kYi5tb2RlbHMuc3FsLnF1ZXJ5ClF1ZXJ5CnE0KYFxNX1xNihVFWFnZ3JlZ2F0ZV9zZWxlY3RfbWFza3E3TlUXX2FnZ3JlZ2F0ZV9zZWxlY3RfY2FjaGVxOE5VBWV4dHJhcTljZGphbmdvLnV0aWxzLmRhdGFzdHJ1Y3R1cmVzClNvcnRlZERpY3QKcTopgXE7fXE8VQhrZXlPcmRlcnE9XXNiVQhqb2luX21hcHE+fXE/KE5YCwAAAGhvbWVfc2Vuc29ycUBOTnRoQIVzVRVyZWxhdGVkX3NlbGVjdF9maWVsZHNxQV1VDGV4dHJhX3RhYmxlc3FCKVUJYWxpYXNfbWFwcUN9cURoQGNkamFuZ28uZGIubW9kZWxzLnNxbC5jb25zdGFudHMKSm9pbkluZm8KcUUoaEBoQE5OTk6JdIFxRnNVBnRhYmxlc3FHXXFIaEBhVQx1c2VkX2FsaWFzZXNxSWNfX2J1aWx0aW5fXwpzZXQKcUpdcUtoQGGFUnFMVQhvcmRlcl9ieXFNXXFOVQhkaXN0aW5jdHFPiVUOZHVwZV9hdm9pZGFuY2VxUH1xUVUJdGFibGVfbWFwcVJ9cVNoQF1xVGhAYXNVCGdyb3VwX2J5cVVOVRFzZWxlY3RfZm9yX3VwZGF0ZXFWiVUOc2VsZWN0X3JlbGF0ZWRxV4lVEGRlZmVycmVkX2xvYWRpbmdxWGhKXYVScVmIhnFaVQ1zZWxlY3RfZmllbGRzcVtdVRNfZXh0cmFfc2VsZWN0X2NhY2hlcVxOVQltYXhfZGVwdGhxXUsFVQZzZWxlY3RxXl1xX1UOZXh0cmFfb3JkZXJfYnlxYClVD2Rpc3RpbmN0X2ZpZWxkc3FhXXFiVQphZ2dyZWdhdGVzcWNoOimBcWR9cWVoPV1zYlUZX2xvYWRlZF9maWVsZF9uYW1lc19jYWNoZXFmfXFnVRFleHRyYV9zZWxlY3RfbWFza3FoTlUYc2VsZWN0X2Zvcl91cGRhdGVfbm93YWl0cWmJVQhsb3dfbWFya3FqSwBVDmFsaWFzX3JlZmNvdW50cWt9cWxoQEsBc1UTcmVsYXRlZF9zZWxlY3RfY29sc3FtXVUMZGVmYXVsdF9jb2xzcW6IVRBvcmRlcmluZ19hbGlhc2VzcW9dcXBVBmhhdmluZ3FxY2RqYW5nby5kYi5tb2RlbHMuc3FsLndoZXJlCldoZXJlTm9kZQpxcimBcXN9cXQoVQljb25uZWN0b3JxdVUDQU5EcXZVB25lZ2F0ZWRxd4lVCGNoaWxkcmVucXhdVQ9zdWJ0cmVlX3BhcmVudHNxeV11YlUZaW5jbHVkZWRfaW5oZXJpdGVkX21vZGVsc3F6fXF7TmhAc1UQZGVmYXVsdF9vcmRlcmluZ3F8iFULd2hlcmVfY2xhc3NxfWhyVQVtb2RlbHF+aA1VEXN0YW5kYXJkX29yZGVyaW5ncX+IVQV3aGVyZXGAaHIpgXGBfXGCKGh1aHZod4loeF1xg2hyKYFxhH1xhShodWh2aHeJaHhdcYYoY2RqYW5nby5kYi5tb2RlbHMuc3FsLndoZXJlCkNvbnN0cmFpbnQKcYcpgXGIfXGJKFUFYWxpYXNximhAVQVtb2RlbHGLaA1VCmZpZWxkX25hbWVxjGgeVQNjb2xxjVUEY29kZXGOdWJVBWV4YWN0iFgCAAAAMDJ0cY9haHlddWJhaHlddWJVCWhpZ2hfbWFya3GQTlUQZmlsdGVyX2lzX3N0aWNreXGRiXViaItoDVUZX3ByZWZldGNoX3JlbGF0ZWRfbG9va3Vwc3GSXXGTdWJ1Lg=="
    }
  },
  {
    "pk": "e9lau1vh37p9xhxfk2ns60ysl7orwvnu",
    "model": "sessions.session",
    "fields": {
      "expire_date": "2013-06-16T18:08:33.093Z",
      "session_data": "NzZiOThiMzk2OWM2NWI3MGE3ZDg1OWY4MTc2YmUwMTM1ZTgyMjYyYzqAAn1xAVUGd2ViY2FtcQKJcy4="
    }
  },
  {
    "pk": "8k8319a9rc47udm4bwoh4l6c8yssisay",
    "model": "sessions.session",
    "fields": {
      "expire_date": "2013-06-15T12:39:07.630Z",
      "session_data": "NzZiOThiMzk2OWM2NWI3MGE3ZDg1OWY4MTc2YmUwMTM1ZTgyMjYyYzqAAn1xAVUGd2ViY2FtcQKJcy4="
    }
  },
  {
    "pk": "uo4g86fkptec3frihrgj4kasx2cl4w0y",
    "model": "sessions.session",
    "fields": {
      "expire_date": "2013-06-12T15:57:10.339Z",
      "session_data": "NzZiOThiMzk2OWM2NWI3MGE3ZDg1OWY4MTc2YmUwMTM1ZTgyMjYyYzqAAn1xAVUGd2ViY2FtcQKJcy4="
    }
  },
  {
    "pk": "j9l4k07hywo8xs4uof9mocmbmfz72qq7",
    "model": "sessions.session",
    "fields": {
      "expire_date": "2013-06-15T18:28:19.745Z",
      "session_data": "NzZiOThiMzk2OWM2NWI3MGE3ZDg1OWY4MTc2YmUwMTM1ZTgyMjYyYzqAAn1xAVUGd2ViY2FtcQKJcy4="
    }
  },
  {
    "pk": "gsufobe79mwk5t3cv7htini1ucgq6y18",
    "model": "sessions.session",
    "fields": {
      "expire_date": "2013-06-09T17:56:12.396Z",
      "session_data": "ZDJlZWU1MDY2OTViNGJlNWMzZDY5NzQzMmNlMGQyNGY1YjE4YzQ2ZjqAAn1xAShVEl9hdXRoX3VzZXJfYmFja2VuZHECVSlkamFuZ28uY29udHJpYi5hdXRoLmJhY2tlbmRzLk1vZGVsQmFja2VuZHEDVQ1fYXV0aF91c2VyX2lkcQRLAXUu"
    }
  },
  {
    "pk": "7spqzwi31mv7okpyczoqz78oqwojz4ja",
    "model": "sessions.session",
    "fields": {
      "expire_date": "2013-06-16T18:33:06.734Z",
      "session_data": "N2JmMTFjM2ZjODA1ZDFiZDI2YmExYThiZTY2ODZkMzJmMGNjZTVkYTqAAn1xAShVBndlYmNhbYlVDWxhdGVzdF9zZW5zb3JjZGphbmdvLmRiLm1vZGVscy5xdWVyeQpRdWVyeVNldApxAimBcQN9cQQoVQVfaXRlcnEFTlUZX3ByZWZldGNoX3JlbGF0ZWRfbG9va3Vwc3EGXXEHVQ5fc3RpY2t5X2ZpbHRlcnEIiVUDX2RicQlOVQ1fcmVzdWx0X2NhY2hlcQpdcQtVDl9wcmVmZXRjaF9kb25lcQyJVQpfZm9yX3dyaXRlcQ2JVQVxdWVyeXEOY2RqYW5nby5kYi5tb2RlbHMuc3FsLnF1ZXJ5ClF1ZXJ5CnEPKYFxEH1xEShVFWFnZ3JlZ2F0ZV9zZWxlY3RfbWFza3ESTlUXX2FnZ3JlZ2F0ZV9zZWxlY3RfY2FjaGVxE05VBWV4dHJhcRRjZGphbmdvLnV0aWxzLmRhdGFzdHJ1Y3R1cmVzClNvcnRlZERpY3QKcRUpgXEWfXEXVQhrZXlPcmRlcnEYXXNiVQhqb2luX21hcHEZfXEaKE5YCwAAAGhvbWVfc2Vuc29ycRtOTnRoG4VzVRVyZWxhdGVkX3NlbGVjdF9maWVsZHNxHF1VDGV4dHJhX3RhYmxlc3EdKVUGc2VsZWN0cR5dcR9VBnRhYmxlc3EgXXEhaBthVQx1c2VkX2FsaWFzZXNxImNfX2J1aWx0aW5fXwpzZXQKcSNdcSRoG2GFUnElVQhvcmRlcl9ieXEmXXEnVQhkaXN0aW5jdHEoiVUOZHVwZV9hdm9pZGFuY2VxKX1xKlUQZGVmYXVsdF9vcmRlcmluZ3EriFUIZ3JvdXBfYnlxLE5VEXNlbGVjdF9mb3JfdXBkYXRlcS2JVQ5zZWxlY3RfcmVsYXRlZHEuiVUQZGVmZXJyZWRfbG9hZGluZ3EvaCNdhVJxMIiGcTFVDXNlbGVjdF9maWVsZHNxMl1VCWFsaWFzX21hcHEzfXE0aBtjZGphbmdvLmRiLm1vZGVscy5zcWwuY29uc3RhbnRzCkpvaW5JbmZvCnE1KGgbaBtOTk5OiXSBcTZzVQltYXhfZGVwdGhxN0sFVRFzdGFuZGFyZF9vcmRlcmluZ3E4iFUOZXh0cmFfb3JkZXJfYnlxOSlVD2Rpc3RpbmN0X2ZpZWxkc3E6XXE7VQphZ2dyZWdhdGVzcTxoFSmBcT19cT5oGF1zYlUZX2xvYWRlZF9maWVsZF9uYW1lc19jYWNoZXE/fXFAVRFleHRyYV9zZWxlY3RfbWFza3FBTlUYc2VsZWN0X2Zvcl91cGRhdGVfbm93YWl0cUKJVRNfZXh0cmFfc2VsZWN0X2NhY2hlcUNOVQhsb3dfbWFya3FESwBVDmFsaWFzX3JlZmNvdW50cUV9cUZoG0sBc1UTcmVsYXRlZF9zZWxlY3RfY29sc3FHXVUMZGVmYXVsdF9jb2xzcUiIVRBvcmRlcmluZ19hbGlhc2VzcUldcUpVCWhpZ2hfbWFya3FLTlUZaW5jbHVkZWRfaW5oZXJpdGVkX21vZGVsc3FMfXFNTmgbc1UJdGFibGVfbWFwcU59cU9oG11xUGgbYXNVC3doZXJlX2NsYXNzcVFjZGphbmdvLmRiLm1vZGVscy5zcWwud2hlcmUKV2hlcmVOb2RlCnFSVQVtb2RlbHFTY2hvbWUubW9kZWxzClNlbnNvcgpxVFUFd2hlcmVxVWhSKYFxVn1xVyhVCWNvbm5lY3RvcnFYVQNBTkRxWVUHbmVnYXRlZHFaiVUIY2hpbGRyZW5xW11xXGhSKYFxXX1xXihoWGhZaFqJaFtdcV8oY2RqYW5nby5kYi5tb2RlbHMuc3FsLndoZXJlCkNvbnN0cmFpbnQKcWApgXFhfXFiKFUFYWxpYXNxY2gbaFNoVFUKZmllbGRfbmFtZXFkVQRjb2RlcWVVA2NvbHFmaGV1YlUFZXhhY3RxZ4hYAgAAADEwcWh0cWlhVQ9zdWJ0cmVlX3BhcmVudHNxal11YmFoal11YlUGaGF2aW5ncWtoUimBcWx9cW0oaFhoWWhaiWhbXWhqXXViVRBmaWx0ZXJfaXNfc3RpY2t5cW6JdWJoU2hUVRZfa25vd25fcmVsYXRlZF9vYmplY3RzcW99cXB1YlUEdXNlclgGAAAAUGlya2tvdS4="
    }
  },
  {
    "pk": "3w3fy31htkowp189ib3zmzbjss1h0cqa",
    "model": "sessions.session",
    "fields": {
      "expire_date": "2013-06-15T18:31:03.147Z",
      "session_data": "NzZiOThiMzk2OWM2NWI3MGE3ZDg1OWY4MTc2YmUwMTM1ZTgyMjYyYzqAAn1xAVUGd2ViY2FtcQKJcy4="
    }
  },
  {
    "pk": "in9a4sig03ar3kfbg89djx47eq621mls",
    "model": "sessions.session",
    "fields": {
      "expire_date": "2013-06-14T20:32:15.961Z",
      "session_data": "Y2U1YmRiZmY3OWNkOGQ0NjY5NWZjYjk4NWFlMWNiNWM3MDgwMTdlMzqAAn1xAShVBndlYmNhbYlVEl9hdXRoX3VzZXJfYmFja2VuZFUpZGphbmdvLmNvbnRyaWIuYXV0aC5iYWNrZW5kcy5Nb2RlbEJhY2tlbmRVDV9hdXRoX3VzZXJfaWRLAXUu"
    }
  },
  {
    "pk": "nv46nrg4co0hc8n3rij5wa2okqxkx6so",
    "model": "sessions.session",
    "fields": {
      "expire_date": "2013-06-16T18:38:47.979Z",
      "session_data": "NzZiOThiMzk2OWM2NWI3MGE3ZDg1OWY4MTc2YmUwMTM1ZTgyMjYyYzqAAn1xAVUGd2ViY2FtcQKJcy4="
    }
  },
  {
    "pk": "sbr5e8m5dusog9vbpn15yrgfus80q0fw",
    "model": "sessions.session",
    "fields": {
      "expire_date": "2013-06-15T19:40:07.874Z",
      "session_data": "MGRkOTM0M2FmNDA1NmFlZmM5ZWU0NTBmMmEyYzgxN2EwODFkZGY0OTqAAn1xAS4="
    }
  },
  {
    "pk": "ywbpto18bjfgvmloiinzw1cuugfm596f",
    "model": "sessions.session",
    "fields": {
      "expire_date": "2013-06-15T22:50:11.066Z",
      "session_data": "MGQyOGU4NDcxYzIxOTQ0OGNiZGU4ZTZhMjdjZTlmODQxZDRkYjM2MDqAAn1xAShVBndlYmNhbYlVDWxhdGVzdF9zZW5zb3JjZGphbmdvLmRiLm1vZGVscy5xdWVyeQpRdWVyeVNldApxAimBcQN9cQQoVQVfaXRlcnEFTlUZX3ByZWZldGNoX3JlbGF0ZWRfbG9va3Vwc3EGXXEHVQ5fc3RpY2t5X2ZpbHRlcnEIiVUDX2RicQlOVQ1fcmVzdWx0X2NhY2hlcQpdcQtjY29weV9yZWcKX3JlY29uc3RydWN0b3IKcQxjaG9tZS5tb2RlbHMKU2Vuc29yCnENY19fYnVpbHRpbl9fCm9iamVjdApxDk6HUnEPfXEQKFUMX2JyYW5kX2NhY2hlcRFoDGNob21lLm1vZGVscwpCcmFuZApxEmgOTodScRN9cRQoVQhsb2dvX3VybHEVWGoAAABodHRwczovL2VuY3J5cHRlZC10Ym4xLmdzdGF0aWMuY29tL2ltYWdlcz9xPXRibjpBTmQ5R2NRRTFpSlpLdllzM0FhR0pGdjM3Sk5PMnRUaDNZcVljckMzNlFGdzQ1dml1dU96OFdiSFRBVQZfc3RhdGVxFmNkamFuZ28uZGIubW9kZWxzLmJhc2UKTW9kZWxTdGF0ZQpxFymBcRh9cRkoVQZhZGRpbmdxGolVAmRicRtVB2RlZmF1bHRxHHViVQJpZHEdSwNVBG5hbWVxHlgGAAAARC1MaW5rdWJVBGNvZGVxH1gCAAAAMDFVBGxlYWRxIFgPAAAAU2VjdXJpdHkgQ2FtZXJhVQVwcmljZXEhY2RlY2ltYWwKRGVjaW1hbApxIlUGMTE0Ljk1hVJxI1ULcGljdHVyZV91cmxxJFhIAAAAaHR0cDovL2NkbjQuaWNvbmZpbmRlci5jb20vZGF0YS9pY29ucy9yZWZyZXNoX2NsLzEyOC9IYXJkd2FyZS9XZWJjYW0ucG5naBZoFymBcSV9cSYoaBqJaBtoHHViVQZudW1iZXJxJ0sBVQVsYWJlbHEoWAYAAABXZWJjYW1VCGJyYW5kX2lkcSlLA1UNdGVjaG5vbG9neV9pZHEqSwRVEV90ZWNobm9sb2d5X2NhY2hlcStoDGNob21lLm1vZGVscwpUZWNobm9sb2d5CnEsaA5Oh1JxLX1xLihoFVjIAAAAaHR0cDovL3d3dy5nb29nbGUuZmkvdXJsP3NhPWkmcmN0PWomcT0mZXNyYz1zJnNvdXJjZT1pbWFnZXMmY2Q9JmNhZD1yamEmZG9jaWQ9STAzTnROZDUyTURnUU0mdGJuaWQ9amdNZTZuMFRXbzIyZE06JnZlZD0wQ0FVUWpSdyZ1cmw9aHR0cCUzQSUyRiUyRnd3dy5lYXN5aWNvbi5uZXQlMkZsYW5ndWFnZS5lbiUyRmljb25zZWFyY2glMkZ3aWZpJTJGJmVoFmgXKYFxL31xMChoGoloG2gcdWJoHUsEaB5YBAAAAFdsYW51YlUEZGF0ZXExY2RhdGV0aW1lCmRhdGUKcTJVBAfdBRuFUnEzVQlpbnN0YWxsZWRxNIhoHUsBdWJhVQ5fcHJlZmV0Y2hfZG9uZXE1iVUKX2Zvcl93cml0ZXE2iVUFcXVlcnlxN2NkamFuZ28uZGIubW9kZWxzLnNxbC5xdWVyeQpRdWVyeQpxOCmBcTl9cTooVRVhZ2dyZWdhdGVfc2VsZWN0X21hc2txO05VF19hZ2dyZWdhdGVfc2VsZWN0X2NhY2hlcTxOVQVleHRyYXE9Y2RqYW5nby51dGlscy5kYXRhc3RydWN0dXJlcwpTb3J0ZWREaWN0CnE+KYFxP31xQFUIa2V5T3JkZXJxQV1zYlUIam9pbl9tYXBxQn1xQyhOWAsAAABob21lX3NlbnNvcnFETk50aESFc1UVcmVsYXRlZF9zZWxlY3RfZmllbGRzcUVdVQxleHRyYV90YWJsZXNxRilVBnNlbGVjdHFHXXFIVQZ0YWJsZXNxSV1xSmhEYVUMdXNlZF9hbGlhc2VzcUtjX19idWlsdGluX18Kc2V0CnFMXXFNaERhhVJxTlUIb3JkZXJfYnlxT11xUFUIZGlzdGluY3RxUYlVDmR1cGVfYXZvaWRhbmNlcVJ9cVNVEGRlZmF1bHRfb3JkZXJpbmdxVIhVCGdyb3VwX2J5cVVOVRFzZWxlY3RfZm9yX3VwZGF0ZXFWiVUOc2VsZWN0X3JlbGF0ZWRxV4lVEGRlZmVycmVkX2xvYWRpbmdxWGhMXYVScVmIhnFaVQ1zZWxlY3RfZmllbGRzcVtdVQlhbGlhc19tYXBxXH1xXWhEY2RqYW5nby5kYi5tb2RlbHMuc3FsLmNvbnN0YW50cwpKb2luSW5mbwpxXihoRGhETk5OTol0gXFfc1UJbWF4X2RlcHRocWBLBVURc3RhbmRhcmRfb3JkZXJpbmdxYYhVDmV4dHJhX29yZGVyX2J5cWIpVQ9kaXN0aW5jdF9maWVsZHNxY11xZFUKYWdncmVnYXRlc3FlaD4pgXFmfXFnaEFdc2JVGV9sb2FkZWRfZmllbGRfbmFtZXNfY2FjaGVxaH1xaVURZXh0cmFfc2VsZWN0X21hc2txak5VGHNlbGVjdF9mb3JfdXBkYXRlX25vd2FpdHFriVUTX2V4dHJhX3NlbGVjdF9jYWNoZXFsTlUIbG93X21hcmtxbUsAVQ5hbGlhc19yZWZjb3VudHFufXFvaERLAXNVE3JlbGF0ZWRfc2VsZWN0X2NvbHNxcF1VDGRlZmF1bHRfY29sc3FxiFUQb3JkZXJpbmdfYWxpYXNlc3FyXXFzVQloaWdoX21hcmtxdE5VGWluY2x1ZGVkX2luaGVyaXRlZF9tb2RlbHNxdX1xdk5oRHNVCXRhYmxlX21hcHF3fXF4aERdcXloRGFzVQt3aGVyZV9jbGFzc3F6Y2RqYW5nby5kYi5tb2RlbHMuc3FsLndoZXJlCldoZXJlTm9kZQpxe1UFbW9kZWxxfGgNVQV3aGVyZXF9aHspgXF+fXF/KFUJY29ubmVjdG9ycYBVA0FORHGBVQduZWdhdGVkcYKJVQhjaGlsZHJlbnGDXXGEaHspgXGFfXGGKGiAaIFogolog11xhyhjZGphbmdvLmRiLm1vZGVscy5zcWwud2hlcmUKQ29uc3RyYWludApxiCmBcYl9cYooVQVhbGlhc3GLaERofGgNVQpmaWVsZF9uYW1lcYxoH1UDY29scY1oH3ViVQVleGFjdHGOiFgCAAAAMDFxj3RxkGFVD3N1YnRyZWVfcGFyZW50c3GRXXViYWiRXXViVQZoYXZpbmdxkmh7KYFxk31xlChogGiBaIKJaINdaJFddWJVEGZpbHRlcl9pc19zdGlja3lxlYl1Ymh8aA1VFl9rbm93bl9yZWxhdGVkX29iamVjdHNxln1xl3VidS4="
    }
  },
  {
    "pk": "d1n8bxhhrns3ui1n6rsk6q4dk26055m6",
    "model": "sessions.session",
    "fields": {
      "expire_date": "2013-06-16T19:05:28.628Z",
      "session_data": "MDUwZmQ0ZDhkYjY3ZDU0MWFjOGJlYWYyMTk3NDkwOGIwM2I1MGFmNzqAAn1xAVUGd2ViY2FtiXMu"
    }
  },
  {
    "pk": "59w5wqp2wnbgrgstsnlf14n2svjnzkoc",
    "model": "sessions.session",
    "fields": {
      "expire_date": "2013-06-11T14:46:47.267Z",
      "session_data": "MDUwZmQ0ZDhkYjY3ZDU0MWFjOGJlYWYyMTk3NDkwOGIwM2I1MGFmNzqAAn1xAVUGd2ViY2FtiXMu"
    }
  },
  {
    "pk": "l1sxlxe4191rdtrg3b7zs2qub9it5ea6",
    "model": "sessions.session",
    "fields": {
      "expire_date": "2013-06-16T19:13:36.227Z",
      "session_data": "MDUwZmQ0ZDhkYjY3ZDU0MWFjOGJlYWYyMTk3NDkwOGIwM2I1MGFmNzqAAn1xAVUGd2ViY2FtiXMu"
    }
  },
  {
    "pk": "0w64y1yhtj65zv11zjbk3usis14k677p",
    "model": "sessions.session",
    "fields": {
      "expire_date": "2013-06-11T14:47:03.884Z",
      "session_data": "YjY3MTQ3YjlhZjIxZDFjOGY1ZTA4MDEyZWIyNjdkNzJkNzE1OGZlMTqAAn1xAVUGd2ViY2FtiHMu"
    }
  },
  {
    "pk": "xxjn4rrtas30vrzhs68pg8xpvjyp1vka",
    "model": "sessions.session",
    "fields": {
      "expire_date": "2013-06-16T01:42:41.624Z",
      "session_data": "MGRkOTM0M2FmNDA1NmFlZmM5ZWU0NTBmMmEyYzgxN2EwODFkZGY0OTqAAn1xAS4="
    }
  },
  {
    "pk": "0f6h5lju1hndaq4471jhmj73w6n2lp9e",
    "model": "sessions.session",
    "fields": {
      "expire_date": "2013-06-16T19:15:49.373Z",
      "session_data": "MDUwZmQ0ZDhkYjY3ZDU0MWFjOGJlYWYyMTk3NDkwOGIwM2I1MGFmNzqAAn1xAVUGd2ViY2FtiXMu"
    }
  },
  {
    "pk": "lonagqkrwaxuxd74vzgn09ux42vl8ldv",
    "model": "sessions.session",
    "fields": {
      "expire_date": "2013-06-12T16:53:07.863Z",
      "session_data": "NzZiOThiMzk2OWM2NWI3MGE3ZDg1OWY4MTc2YmUwMTM1ZTgyMjYyYzqAAn1xAVUGd2ViY2FtcQKJcy4="
    }
  },
  {
    "pk": "3na6curu6uf1jm2j2pqsdtqbogxpj4s5",
    "model": "sessions.session",
    "fields": {
      "expire_date": "2013-06-16T10:49:55.205Z",
      "session_data": "NzZiOThiMzk2OWM2NWI3MGE3ZDg1OWY4MTc2YmUwMTM1ZTgyMjYyYzqAAn1xAVUGd2ViY2FtcQKJcy4="
    }
  },
  {
    "pk": "b05x4aa56w0ji0nylmaoo9jn0qj3cjcw",
    "model": "sessions.session",
    "fields": {
      "expire_date": "2013-06-14T22:07:38.010Z",
      "session_data": "MDUwZmQ0ZDhkYjY3ZDU0MWFjOGJlYWYyMTk3NDkwOGIwM2I1MGFmNzqAAn1xAVUGd2ViY2FtiXMu"
    }
  },
  {
    "pk": "j5yud4hy5yud58s2z05kxie2grc599s4",
    "model": "sessions.session",
    "fields": {
      "expire_date": "2013-06-16T19:15:53.668Z",
      "session_data": "MWFhM2VjM2Q0YjczNjM1NjJlOTYwYmEwZTcxYjk3NjY1NDQ2MjYwZjqAAn1xAShVBndlYmNhbYlVDWxhdGVzdF9zZW5zb3JjZGphbmdvLmRiLm1vZGVscy5xdWVyeQpRdWVyeVNldApxAimBcQN9cQQoVQVfaXRlcnEFTlUWX2tub3duX3JlbGF0ZWRfb2JqZWN0c3EGfXEHVQ5fc3RpY2t5X2ZpbHRlcnEIiVUDX2RicQlOVQ1fcmVzdWx0X2NhY2hlcQpdcQtjY29weV9yZWcKX3JlY29uc3RydWN0b3IKcQxjaG9tZS5tb2RlbHMKU2Vuc29yCnENY19fYnVpbHRpbl9fCm9iamVjdApxDk6HUnEPfXEQKFUMX2JyYW5kX2NhY2hlaAxjaG9tZS5tb2RlbHMKQnJhbmQKcRFoDk6HUnESfXETKFUIbG9nb191cmxxFFg9AAAAaHR0cDovL3N0b3JlLmhvbWVzZWVyLmNvbS9zdG9yZS9Bc3NldHMvZXZlcnNwcmluZy1sb2dvLTc1LmdpZlUGX3N0YXRlcRVjZGphbmdvLmRiLm1vZGVscy5iYXNlCk1vZGVsU3RhdGUKcRYpgXEXfXEYKFUGYWRkaW5ncRmJVQJkYnEaVQdkZWZhdWx0cRt1YlUCaWRxHEsBVQRuYW1lcR1YCgAAAEV2ZXJzcHJpbmd1YlUEY29kZXEeWAIAAAAwNVUEbGVhZHEfWBYAAABSZWNvZ25pemVzIHdhdGVyIGxlYWtzVQVwcmljZXEgTlULcGljdHVyZV91cmxYNAAAAGh0dHA6Ly93d3cudWx0cmFzb25pYy1mbG93LmNvbS9pbWcvcC8zMC0xMDAtaG9tZS5qcGdoFWgWKYFxIX1xIihoGYloGmgbdWJVBm51bWJlcnEjSwVVBWxhYmVscSRYDgAAAFdhdGVyIGRldGVjdG9yVQhicmFuZF9pZHElSwFVDXRlY2hub2xvZ3lfaWRxJksFVRFfdGVjaG5vbG9neV9jYWNoZXEnaAxjaG9tZS5tb2RlbHMKVGVjaG5vbG9neQpxKGgOTodScSl9cSooaBRYagAAAGh0dHBzOi8vZW5jcnlwdGVkLXRibjMuZ3N0YXRpYy5jb20vaW1hZ2VzP3E9dGJuOkFOZDlHY1RqTFYzZUVJaEM2QWQ3U3VpUmM2a1Rlb0FnaDcweDlsWWdWVkxGWVdUY1JuYlJMOWxmaXdoFWgWKYFxK31xLChoGYloGmgbdWJoHEsFaB1YBgAAAFotV2F2ZXViVQRkYXRlcS1jZGF0ZXRpbWUKZGF0ZQpxLlUEB90FG4VScS9VCWluc3RhbGxlZHEwiGgcSwV1YmFVDl9wcmVmZXRjaF9kb25lcTGJVQpfZm9yX3dyaXRlcTKJVQVxdWVyeXEzY2RqYW5nby5kYi5tb2RlbHMuc3FsLnF1ZXJ5ClF1ZXJ5CnE0KYFxNX1xNihVFWFnZ3JlZ2F0ZV9zZWxlY3RfbWFza3E3TlUXX2FnZ3JlZ2F0ZV9zZWxlY3RfY2FjaGVxOE5VBWV4dHJhcTljZGphbmdvLnV0aWxzLmRhdGFzdHJ1Y3R1cmVzClNvcnRlZERpY3QKcTopgXE7fXE8VQhrZXlPcmRlcnE9XXNiVQhqb2luX21hcHE+fXE/KE5YCwAAAGhvbWVfc2Vuc29ycUBOTnRoQIVzVRVyZWxhdGVkX3NlbGVjdF9maWVsZHNxQV1VDGV4dHJhX3RhYmxlc3FCKVUJYWxpYXNfbWFwcUN9cURoQGNkamFuZ28uZGIubW9kZWxzLnNxbC5jb25zdGFudHMKSm9pbkluZm8KcUUoaEBoQE5OTk6JdIFxRnNVBnRhYmxlc3FHXXFIaEBhVQx1c2VkX2FsaWFzZXNxSWNfX2J1aWx0aW5fXwpzZXQKcUpdcUtoQGGFUnFMVQhvcmRlcl9ieXFNXXFOVQhkaXN0aW5jdHFPiVUOZHVwZV9hdm9pZGFuY2VxUH1xUVUJdGFibGVfbWFwcVJ9cVNoQF1xVGhAYXNVCGdyb3VwX2J5cVVOVRFzZWxlY3RfZm9yX3VwZGF0ZXFWiVUOc2VsZWN0X3JlbGF0ZWRxV4lVEGRlZmVycmVkX2xvYWRpbmdxWGhKXYVScVmIhnFaVQ1zZWxlY3RfZmllbGRzcVtdVRNfZXh0cmFfc2VsZWN0X2NhY2hlcVxOVQltYXhfZGVwdGhxXUsFVQZzZWxlY3RxXl1xX1UOZXh0cmFfb3JkZXJfYnlxYClVD2Rpc3RpbmN0X2ZpZWxkc3FhXXFiVQphZ2dyZWdhdGVzcWNoOimBcWR9cWVoPV1zYlUZX2xvYWRlZF9maWVsZF9uYW1lc19jYWNoZXFmfXFnVRFleHRyYV9zZWxlY3RfbWFza3FoTlUYc2VsZWN0X2Zvcl91cGRhdGVfbm93YWl0cWmJVQhsb3dfbWFya3FqSwBVDmFsaWFzX3JlZmNvdW50cWt9cWxoQEsBc1UTcmVsYXRlZF9zZWxlY3RfY29sc3FtXVUMZGVmYXVsdF9jb2xzcW6IVRBvcmRlcmluZ19hbGlhc2VzcW9dcXBVBmhhdmluZ3FxY2RqYW5nby5kYi5tb2RlbHMuc3FsLndoZXJlCldoZXJlTm9kZQpxcimBcXN9cXQoVQljb25uZWN0b3JxdVUDQU5EcXZVB25lZ2F0ZWRxd4lVCGNoaWxkcmVucXhdVQ9zdWJ0cmVlX3BhcmVudHNxeV11YlUZaW5jbHVkZWRfaW5oZXJpdGVkX21vZGVsc3F6fXF7TmhAc1UQZGVmYXVsdF9vcmRlcmluZ3F8iFULd2hlcmVfY2xhc3NxfWhyVQVtb2RlbHF+aA1VEXN0YW5kYXJkX29yZGVyaW5ncX+IVQV3aGVyZXGAaHIpgXGBfXGCKGh1aHZod4loeF1xg2hyKYFxhH1xhShodWh2aHeJaHhdcYYoY2RqYW5nby5kYi5tb2RlbHMuc3FsLndoZXJlCkNvbnN0cmFpbnQKcYcpgXGIfXGJKFUFYWxpYXNximhAVQVtb2RlbHGLaA1VCmZpZWxkX25hbWVxjGgeVQNjb2xxjVUEY29kZXGOdWJVBWV4YWN0iFgCAAAAMDV0cY9haHlddWJhaHlddWJVCWhpZ2hfbWFya3GQTlUQZmlsdGVyX2lzX3N0aWNreXGRiXViaItoDVUZX3ByZWZldGNoX3JlbGF0ZWRfbG9va3Vwc3GSXXGTdWJ1Lg=="
    }
  },
  {
    "pk": "asyi6znfzkoqm276t4f2ij7qzlgcu30r",
    "model": "sessions.session",
    "fields": {
      "expire_date": "2013-06-16T19:30:15.306Z",
      "session_data": "YjY3MTQ3YjlhZjIxZDFjOGY1ZTA4MDEyZWIyNjdkNzJkNzE1OGZlMTqAAn1xAVUGd2ViY2FtiHMu"
    }
  },
  {
    "pk": "cdxjzj1w739xwpflut6z5icz11h075ps",
    "model": "sessions.session",
    "fields": {
      "expire_date": "2013-06-16T20:29:08.335Z",
      "session_data": "OGIxYjBiYmE1ZDdmMDljNzcwZTlhYjcyZTEwNzlhMTI3ODUxMDY4MTqAAn1xAShVBndlYmNhbYlVDWxhdGVzdF9zZW5zb3JjZGphbmdvLmRiLm1vZGVscy5xdWVyeQpRdWVyeVNldApxAimBcQN9cQQoVQVfaXRlcnEFTlUWX2tub3duX3JlbGF0ZWRfb2JqZWN0c3EGfXEHVQ5fc3RpY2t5X2ZpbHRlcnEIiVUDX2RicQlOVQ1fcmVzdWx0X2NhY2hlcQpdcQtVDl9wcmVmZXRjaF9kb25lcQyJVQpfZm9yX3dyaXRlcQ2JVQVxdWVyeXEOY2RqYW5nby5kYi5tb2RlbHMuc3FsLnF1ZXJ5ClF1ZXJ5CnEPKYFxEH1xEShVFWFnZ3JlZ2F0ZV9zZWxlY3RfbWFza3ESTlUXX2FnZ3JlZ2F0ZV9zZWxlY3RfY2FjaGVxE05VBWV4dHJhcRRjZGphbmdvLnV0aWxzLmRhdGFzdHJ1Y3R1cmVzClNvcnRlZERpY3QKcRUpgXEWfXEXVQhrZXlPcmRlcnEYXXNiVQhqb2luX21hcHEZfXEaKE5YCwAAAGhvbWVfc2Vuc29ycRtOTnRoG4VzVRVyZWxhdGVkX3NlbGVjdF9maWVsZHNxHF1VDGV4dHJhX3RhYmxlc3EdKVUJYWxpYXNfbWFwcR59cR9oG2NkamFuZ28uZGIubW9kZWxzLnNxbC5jb25zdGFudHMKSm9pbkluZm8KcSAoaBtoG05OTk6JdIFxIXNVBnRhYmxlc3EiXXEjaBthVQx1c2VkX2FsaWFzZXNxJGNfX2J1aWx0aW5fXwpzZXQKcSVdcSZoG2GFUnEnVQhvcmRlcl9ieXEoXXEpVQhkaXN0aW5jdHEqiVUOZHVwZV9hdm9pZGFuY2VxK31xLFUJdGFibGVfbWFwcS19cS5oG11xL2gbYXNVCGdyb3VwX2J5cTBOVRFzZWxlY3RfZm9yX3VwZGF0ZXExiVUOc2VsZWN0X3JlbGF0ZWRxMolVEGRlZmVycmVkX2xvYWRpbmdxM2glXYVScTSIhnE1VQ1zZWxlY3RfZmllbGRzcTZdVRNfZXh0cmFfc2VsZWN0X2NhY2hlcTdOVQltYXhfZGVwdGhxOEsFVQZzZWxlY3RxOV1xOlUOZXh0cmFfb3JkZXJfYnlxOylVD2Rpc3RpbmN0X2ZpZWxkc3E8XXE9VQphZ2dyZWdhdGVzcT5oFSmBcT99cUBoGF1zYlUZX2xvYWRlZF9maWVsZF9uYW1lc19jYWNoZXFBfXFCVRFleHRyYV9zZWxlY3RfbWFza3FDTlUYc2VsZWN0X2Zvcl91cGRhdGVfbm93YWl0cUSJVQhsb3dfbWFya3FFSwBVDmFsaWFzX3JlZmNvdW50cUZ9cUdoG0sBc1UTcmVsYXRlZF9zZWxlY3RfY29sc3FIXVUMZGVmYXVsdF9jb2xzcUmIVRBvcmRlcmluZ19hbGlhc2VzcUpdcUtVBmhhdmluZ3FMY2RqYW5nby5kYi5tb2RlbHMuc3FsLndoZXJlCldoZXJlTm9kZQpxTSmBcU59cU8oVQljb25uZWN0b3JxUFUDQU5EcVFVB25lZ2F0ZWRxUolVCGNoaWxkcmVucVNdVQ9zdWJ0cmVlX3BhcmVudHNxVF11YlUZaW5jbHVkZWRfaW5oZXJpdGVkX21vZGVsc3FVfXFWTmgbc1UQZGVmYXVsdF9vcmRlcmluZ3FXiFULd2hlcmVfY2xhc3NxWGhNVQVtb2RlbHFZY2hvbWUubW9kZWxzClNlbnNvcgpxWlURc3RhbmRhcmRfb3JkZXJpbmdxW4hVBXdoZXJlcVxoTSmBcV19cV4oaFBoUWhSiWhTXXFfaE0pgXFgfXFhKGhQaFFoUoloU11xYihjZGphbmdvLmRiLm1vZGVscy5zcWwud2hlcmUKQ29uc3RyYWludApxYymBcWR9cWUoVQVhbGlhc3FmaBtVBW1vZGVscWdoWlUKZmllbGRfbmFtZXFoVQRjb2RlcWlVA2NvbHFqVQRjb2RlcWt1YlUFZXhhY3SIWAIAAAAxMHRxbGFoVF11YmFoVF11YlUJaGlnaF9tYXJrcW1OVRBmaWx0ZXJfaXNfc3RpY2t5cW6JdWJoZ2haVRlfcHJlZmV0Y2hfcmVsYXRlZF9sb29rdXBzcW9dcXB1YnUu"
    }
  },
  {
    "pk": "kl3az7j7bb9lyktyrt8miknrdgevcvy6",
    "model": "sessions.session",
    "fields": {
      "expire_date": "2013-06-16T11:43:22.449Z",
      "session_data": "NzZiOThiMzk2OWM2NWI3MGE3ZDg1OWY4MTc2YmUwMTM1ZTgyMjYyYzqAAn1xAVUGd2ViY2FtcQKJcy4="
    }
  },
  {
    "pk": "67zydjme5v3t84ja4tohnldifp4lvldi",
    "model": "sessions.session",
    "fields": {
      "expire_date": "2013-06-14T22:24:02.212Z",
      "session_data": "MDUwZmQ0ZDhkYjY3ZDU0MWFjOGJlYWYyMTk3NDkwOGIwM2I1MGFmNzqAAn1xAVUGd2ViY2FtiXMu"
    }
  },
  {
    "pk": "yj1fdnxh0qc1cot4ek7xwsg5yp14xbdx",
    "model": "sessions.session",
    "fields": {
      "expire_date": "2013-06-16T21:23:29.061Z",
      "session_data": "MDUwZmQ0ZDhkYjY3ZDU0MWFjOGJlYWYyMTk3NDkwOGIwM2I1MGFmNzqAAn1xAVUGd2ViY2FtiXMu"
    }
  },
  {
    "pk": "v7sffh17bfuqtnkhppttwqm5o89u56p7",
    "model": "sessions.session",
    "fields": {
      "expire_date": "2013-06-16T21:29:53.270Z",
      "session_data": "MGJiYTAxZjY4OWI5ZDg1YzcwNzJkODc5NDlkY2E1Zjc1NzczNTU4MTqAAn1xAShVBndlYmNhbYlVDWxhdGVzdF9zZW5zb3JjZGphbmdvLmRiLm1vZGVscy5xdWVyeQpRdWVyeVNldApxAimBcQN9cQQoVQVfaXRlcnEFTlUWX2tub3duX3JlbGF0ZWRfb2JqZWN0c3EGfXEHVQ5fc3RpY2t5X2ZpbHRlcnEIiVUDX2RicQlOVQ1fcmVzdWx0X2NhY2hlcQpdcQtjY29weV9yZWcKX3JlY29uc3RydWN0b3IKcQxjaG9tZS5tb2RlbHMKU2Vuc29yCnENY19fYnVpbHRpbl9fCm9iamVjdApxDk6HUnEPfXEQKFUMX2JyYW5kX2NhY2hlaAxjaG9tZS5tb2RlbHMKQnJhbmQKcRFoDk6HUnESfXETKFUIbG9nb191cmxxFFjIAAAAaHR0cDovL3d3dy5nb29nbGUuZmkvdXJsP3NhPWkmcmN0PWomcT0mZXNyYz1zJnNvdXJjZT1pbWFnZXMmY2Q9JmNhZD1yamEmZG9jaWQ9RGItVlQzYzl5NjhsWU0mdGJuaWQ9R0U0NUhNQ2lxRjlJck06JnZlZD0wQ0FVUWpSdyZ1cmw9aHR0cCUzQSUyRiUyRnd3dy5jb21wdXRleC5maSUyRmNhdGFsb2clMkZpbmRleC5waHAlM0ZtYW51ZmFjdHVyZXJzX2lVBl9zdGF0ZXEVY2RqYW5nby5kYi5tb2RlbHMuYmFzZQpNb2RlbFN0YXRlCnEWKYFxF31xGChVBmFkZGluZ3EZiVUCZGJxGlUHZGVmYXVsdHEbdWJVAmlkcRxLBFUEbmFtZXEdWAQAAABOZXhhdWJVBGNvZGVxHlgCAAAAMTJVBGxlYWRxH1gUAAAAQmFzaWMgcG93ZXIgc3dpdGNoZXJVBXByaWNlcSBOVQtwaWN0dXJlX3VybFhNAAAAaHR0cDovL2NkbjEuaWNvbmZpbmRlci5jb20vZGF0YS9pY29ucy9YLU1hYy9tdWx0aW1lZGlhL3BuZy8xMjgvc3dpdGNoX29mZi5wbmdoFWgWKYFxIX1xIihoGYloGmgbdWJVBm51bWJlcnEjSwxVBWxhYmVscSRYCAAAAFN3aXRjaGVyVQhicmFuZF9pZHElSwRVDXRlY2hub2xvZ3lfaWRxJksGVRFfdGVjaG5vbG9neV9jYWNoZWgMY2hvbWUubW9kZWxzClRlY2hub2xvZ3kKcSdoDk6HUnEofXEpKGgUWMgAAABodHRwOi8vd3d3Lmdvb2dsZS5maS91cmw/c2E9aSZyY3Q9aiZxPSZlc3JjPXMmc291cmNlPWltYWdlcyZjZD0mY2FkPXJqYSZkb2NpZD1uR3pnNmMtSzFmNW44TSZ0Ym5pZD1tRlo3RjFPYURSYTh6TTomdmVkPTBDQVVRalJ3JnVybD1odHRwJTNBJTJGJTJGd3d3Lmljb25zaG9jay5jb20lMkZpY29uLXNldHMlMkZ4bWFjLW11bHRpbWVkaWEtaWNvbnMuaGgVaBYpgXEqfXErKGgZiWgaaBt1YmgcSwZoHVgHAAAANDMzIE1IenViVQRkYXRlcSxjZGF0ZXRpbWUKZGF0ZQpxLVUEB90FHYVScS5VCWluc3RhbGxlZHEviGgcSwh1YmFVDl9wcmVmZXRjaF9kb25lcTCJVQpfZm9yX3dyaXRlcTGJVQVxdWVyeXEyY2RqYW5nby5kYi5tb2RlbHMuc3FsLnF1ZXJ5ClF1ZXJ5CnEzKYFxNH1xNShVFWFnZ3JlZ2F0ZV9zZWxlY3RfbWFza3E2TlUXX2FnZ3JlZ2F0ZV9zZWxlY3RfY2FjaGVxN05VBWV4dHJhcThjZGphbmdvLnV0aWxzLmRhdGFzdHJ1Y3R1cmVzClNvcnRlZERpY3QKcTkpgXE6fXE7VQhrZXlPcmRlcnE8XXNiVQhqb2luX21hcHE9fXE+KE5YCwAAAGhvbWVfc2Vuc29ycT9OTnRoP4VzVRVyZWxhdGVkX3NlbGVjdF9maWVsZHNxQF1VDGV4dHJhX3RhYmxlc3FBKVUJYWxpYXNfbWFwcUJ9cUNoP2NkamFuZ28uZGIubW9kZWxzLnNxbC5jb25zdGFudHMKSm9pbkluZm8KcUQoaD9oP05OTk6JdIFxRXNVBnRhYmxlc3FGXXFHaD9hVQx1c2VkX2FsaWFzZXNxSGNfX2J1aWx0aW5fXwpzZXQKcUldcUpoP2GFUnFLVQhvcmRlcl9ieXFMXXFNVQhkaXN0aW5jdHFOiVUOZHVwZV9hdm9pZGFuY2VxT31xUFUJdGFibGVfbWFwcVF9cVJoP11xU2g/YXNVCGdyb3VwX2J5cVROVRFzZWxlY3RfZm9yX3VwZGF0ZXFViVUOc2VsZWN0X3JlbGF0ZWRxVolVEGRlZmVycmVkX2xvYWRpbmdxV2hJXYVScViIhnFZVQ1zZWxlY3RfZmllbGRzcVpdVRNfZXh0cmFfc2VsZWN0X2NhY2hlcVtOVQltYXhfZGVwdGhxXEsFVQZzZWxlY3RxXV1xXlUOZXh0cmFfb3JkZXJfYnlxXylVD2Rpc3RpbmN0X2ZpZWxkc3FgXXFhVQphZ2dyZWdhdGVzcWJoOSmBcWN9cWRoPF1zYlUZX2xvYWRlZF9maWVsZF9uYW1lc19jYWNoZXFlfXFmVRFleHRyYV9zZWxlY3RfbWFza3FnTlUYc2VsZWN0X2Zvcl91cGRhdGVfbm93YWl0cWiJVQhsb3dfbWFya3FpSwBVDmFsaWFzX3JlZmNvdW50cWp9cWtoP0sBc1UTcmVsYXRlZF9zZWxlY3RfY29sc3FsXVUMZGVmYXVsdF9jb2xzcW2IVRBvcmRlcmluZ19hbGlhc2VzcW5dcW9VBmhhdmluZ3FwY2RqYW5nby5kYi5tb2RlbHMuc3FsLndoZXJlCldoZXJlTm9kZQpxcSmBcXJ9cXMoVQljb25uZWN0b3JxdFUDQU5EcXVVB25lZ2F0ZWRxdolVCGNoaWxkcmVucXddVQ9zdWJ0cmVlX3BhcmVudHNxeF11YlUZaW5jbHVkZWRfaW5oZXJpdGVkX21vZGVsc3F5fXF6Tmg/c1UQZGVmYXVsdF9vcmRlcmluZ3F7iFULd2hlcmVfY2xhc3NxfGhxVQVtb2RlbHF9aA1VEXN0YW5kYXJkX29yZGVyaW5ncX6IVQV3aGVyZXF/aHEpgXGAfXGBKGh0aHVodolod11xgmhxKYFxg31xhChodGh1aHaJaHddcYUoY2RqYW5nby5kYi5tb2RlbHMuc3FsLndoZXJlCkNvbnN0cmFpbnQKcYYpgXGHfXGIKFUFYWxpYXNxiWg/VQVtb2RlbHGKaA1VCmZpZWxkX25hbWVxi2geVQNjb2xxjFUEY29kZXGNdWJVBWV4YWN0iFgCAAAAMTJ0cY5haHhddWJhaHhddWJVCWhpZ2hfbWFya3GPTlUQZmlsdGVyX2lzX3N0aWNreXGQiXViaIpoDVUZX3ByZWZldGNoX3JlbGF0ZWRfbG9va3Vwc3GRXXGSdWJ1Lg=="
    }
  },
  {
    "pk": "xcpeapr6bddm59dwpb3g1b7ei3aee1ia",
    "model": "sessions.session",
    "fields": {
      "expire_date": "2013-06-16T21:32:12.023Z",
      "session_data": "NzZiOThiMzk2OWM2NWI3MGE3ZDg1OWY4MTc2YmUwMTM1ZTgyMjYyYzqAAn1xAVUGd2ViY2FtcQKJcy4="
    }
  },
  {
    "pk": "sr56zyctgv3u9uvxtiuevh3m335zp61h",
    "model": "sessions.session",
    "fields": {
      "expire_date": "2013-06-16T21:50:16.592Z",
      "session_data": "NzZiOThiMzk2OWM2NWI3MGE3ZDg1OWY4MTc2YmUwMTM1ZTgyMjYyYzqAAn1xAVUGd2ViY2FtcQKJcy4="
    }
  },
  {
    "pk": "yxr424qpbf7pyu1q9g9atxifj55sgz00",
    "model": "sessions.session",
    "fields": {
      "expire_date": "2013-06-17T03:01:12.890Z",
      "session_data": "ZDk1OTZjNDUwMGFjZTA1NTY3OTgzYmJiZDZhOWU0MDA4YzQ2YzRjNTqAAn1xAShVBndlYmNhbYlVDWxhdGVzdF9zZW5zb3JjZGphbmdvLmRiLm1vZGVscy5xdWVyeQpRdWVyeVNldApxAimBcQN9cQQoVQVfaXRlcnEFTlUZX3ByZWZldGNoX3JlbGF0ZWRfbG9va3Vwc3EGXXEHVQ5fc3RpY2t5X2ZpbHRlcnEIiVUDX2RicQlOVQ1fcmVzdWx0X2NhY2hlcQpdcQtjY29weV9yZWcKX3JlY29uc3RydWN0b3IKcQxjaG9tZS5tb2RlbHMKU2Vuc29yCnENY19fYnVpbHRpbl9fCm9iamVjdApxDk6HUnEPfXEQKFUHcGljdHVyZXERWA8AAABtdWx0aXN3aXRjaC5wbmdVBGNvZGVxElgCAAAAMDNVBGxlYWRxE1gZAAAARW5lcmd5IG1ldGVyIGFuZCBzd2l0Y2hlclUMX2JyYW5kX2NhY2hlcRRoDGNob21lLm1vZGVscwpCcmFuZApxFWgOTodScRZ9cRcoVQRsb2dvcRhYAAAAAFUGX3N0YXRlcRljZGphbmdvLmRiLm1vZGVscy5iYXNlCk1vZGVsU3RhdGUKcRopgXEbfXEcKFUGYWRkaW5ncR2JVQJkYnEeVQdkZWZhdWx0cR91YlUCaWRxIEsBVQRuYW1lcSFYCgAAAEV2ZXJzcHJpbmd1YlUFcHJpY2VxIk5oGWgaKYFxI31xJChoHYloHmgfdWJVBm51bWJlcnElSwNVBWxhYmVscSZYDAAAAE11bHRpIFN3aXRjaFUIYnJhbmRfaWRxJ0sBVQ10ZWNobm9sb2d5X2lkcShLBVURX3RlY2hub2xvZ3lfY2FjaGVxKWgMY2hvbWUubW9kZWxzClRlY2hub2xvZ3kKcSpoDk6HUnErfXEsKGgYWAAAAABoGWgaKYFxLX1xLihoHYloHmgfdWJoIEsFaCFYBgAAAFotV2F2ZXViVQRkYXRlcS9jZGF0ZXRpbWUKZGF0ZQpxMFUEB90FG4VScTFVCWluc3RhbGxlZHEyiGggSwN1YmFVDl9wcmVmZXRjaF9kb25lcTOJVQpfZm9yX3dyaXRlcTSJVQVxdWVyeXE1Y2RqYW5nby5kYi5tb2RlbHMuc3FsLnF1ZXJ5ClF1ZXJ5CnE2KYFxN31xOChVFWFnZ3JlZ2F0ZV9zZWxlY3RfbWFza3E5TlUXX2FnZ3JlZ2F0ZV9zZWxlY3RfY2FjaGVxOk5VBWV4dHJhcTtjZGphbmdvLnV0aWxzLmRhdGFzdHJ1Y3R1cmVzClNvcnRlZERpY3QKcTwpgXE9fXE+VQhrZXlPcmRlcnE/XXNiVQhqb2luX21hcHFAfXFBKE5YCwAAAGhvbWVfc2Vuc29ycUJOTnRoQoVzVRVyZWxhdGVkX3NlbGVjdF9maWVsZHNxQ11VDGV4dHJhX3RhYmxlc3FEKVUGc2VsZWN0cUVdcUZVBnRhYmxlc3FHXXFIaEJhVQx1c2VkX2FsaWFzZXNxSWNfX2J1aWx0aW5fXwpzZXQKcUpdcUtoQmGFUnFMVQhvcmRlcl9ieXFNXXFOVQhkaXN0aW5jdHFPiVUOZHVwZV9hdm9pZGFuY2VxUH1xUVUQZGVmYXVsdF9vcmRlcmluZ3FSiFUIZ3JvdXBfYnlxU05VEXNlbGVjdF9mb3JfdXBkYXRlcVSJVQ5zZWxlY3RfcmVsYXRlZHFViVUQZGVmZXJyZWRfbG9hZGluZ3FWaEpdhVJxV4iGcVhVDXNlbGVjdF9maWVsZHNxWV1VCWFsaWFzX21hcHFafXFbaEJjZGphbmdvLmRiLm1vZGVscy5zcWwuY29uc3RhbnRzCkpvaW5JbmZvCnFcKGhCaEJOTk5OiXSBcV1zVQltYXhfZGVwdGhxXksFVRFzdGFuZGFyZF9vcmRlcmluZ3FfiFUOZXh0cmFfb3JkZXJfYnlxYClVD2Rpc3RpbmN0X2ZpZWxkc3FhXXFiVQphZ2dyZWdhdGVzcWNoPCmBcWR9cWVoP11zYlUZX2xvYWRlZF9maWVsZF9uYW1lc19jYWNoZXFmfXFnVRFleHRyYV9zZWxlY3RfbWFza3FoTlUYc2VsZWN0X2Zvcl91cGRhdGVfbm93YWl0cWmJVRNfZXh0cmFfc2VsZWN0X2NhY2hlcWpOVQhsb3dfbWFya3FrSwBVDmFsaWFzX3JlZmNvdW50cWx9cW1oQksBc1UTcmVsYXRlZF9zZWxlY3RfY29sc3FuXVUMZGVmYXVsdF9jb2xzcW+IVRBvcmRlcmluZ19hbGlhc2VzcXBdcXFVCWhpZ2hfbWFya3FyTlUZaW5jbHVkZWRfaW5oZXJpdGVkX21vZGVsc3FzfXF0TmhCc1UJdGFibGVfbWFwcXV9cXZoQl1xd2hCYXNVC3doZXJlX2NsYXNzcXhjZGphbmdvLmRiLm1vZGVscy5zcWwud2hlcmUKV2hlcmVOb2RlCnF5VQVtb2RlbHF6aA1VBXdoZXJlcXtoeSmBcXx9cX0oVQljb25uZWN0b3JxflUDQU5EcX9VB25lZ2F0ZWRxgIlVCGNoaWxkcmVucYFdcYJoeSmBcYN9cYQoaH5of2iAiWiBXXGFKGNkamFuZ28uZGIubW9kZWxzLnNxbC53aGVyZQpDb25zdHJhaW50CnGGKYFxh31xiChVBWFsaWFzcYloQmh6aA1VCmZpZWxkX25hbWVximgSVQNjb2xxi2gSdWJVBWV4YWN0cYyIWAIAAAAwM3GNdHGOYVUPc3VidHJlZV9wYXJlbnRzcY9ddWJhaI9ddWJVBmhhdmluZ3GQaHkpgXGRfXGSKGh+aH9ogIlogV1oj111YlUQZmlsdGVyX2lzX3N0aWNreXGTiXViaHpoDVUWX2tub3duX3JlbGF0ZWRfb2JqZWN0c3GUfXGVdWJVBHVzZXJYBQAAAEpvb25hdS4="
    }
  },
  {
    "pk": "dwgt0kxzd91oy7rg5yieu1qa0avxbg7a",
    "model": "sessions.session",
    "fields": {
      "expire_date": "2013-06-16T12:33:15.553Z",
      "session_data": "ZGUzNzkxNDc4ZGIzY2VkN2I3Y2FlYThkYTVmZjA1OWIxNDljY2EzODqAAn1xAShVBndlYmNhbYlVDV9hdXRoX3VzZXJfaWRLAVUNbGF0ZXN0X3NlbnNvcmNkamFuZ28uZGIubW9kZWxzLnF1ZXJ5ClF1ZXJ5U2V0CnECKYFxA31xBChVBV9pdGVycQVOVRZfa25vd25fcmVsYXRlZF9vYmplY3RzcQZ9cQdVDl9zdGlja3lfZmlsdGVycQiJVQNfZGJxCU5VDV9yZXN1bHRfY2FjaGVxCl1xC2Njb3B5X3JlZwpfcmVjb25zdHJ1Y3RvcgpxDGNob21lLm1vZGVscwpTZW5zb3IKcQ1jX19idWlsdGluX18Kb2JqZWN0CnEOTodScQ99cRAoVQxfYnJhbmRfY2FjaGVxEWgMY2hvbWUubW9kZWxzCkJyYW5kCnESaA5Oh1JxE31xFChVCGxvZ29fdXJscRVYagAAAGh0dHBzOi8vZW5jcnlwdGVkLXRibjEuZ3N0YXRpYy5jb20vaW1hZ2VzP3E9dGJuOkFOZDlHY1FFMWlKWkt2WXMzQWFHSkZ2MzdKTk8ydFRoM1lxWWNyQzM2UUZ3NDV2aXV1T3o4V2JIVEFVBl9zdGF0ZXEWY2RqYW5nby5kYi5tb2RlbHMuYmFzZQpNb2RlbFN0YXRlCnEXKYFxGH1xGShVBmFkZGluZ3EaiVUCZGJxG1UHZGVmYXVsdHEcdWJVAmlkcR1LA1UEbmFtZXEeWAYAAABELUxpbmt1YlUEY29kZXEfWAIAAAAwMVUEbGVhZHEgWA8AAABTZWN1cml0eSBDYW1lcmFVBXByaWNlcSFjZGVjaW1hbApEZWNpbWFsCnEiVQYxMTQuOTWFUnEjVQtwaWN0dXJlX3VybHEkWEgAAABodHRwOi8vY2RuNC5pY29uZmluZGVyLmNvbS9kYXRhL2ljb25zL3JlZnJlc2hfY2wvMTI4L0hhcmR3YXJlL1dlYmNhbS5wbmdoFmgXKYFxJX1xJihoGoloG2gcdWJVBm51bWJlcnEnSwFVBWxhYmVscShYBgAAAFdlYmNhbVUIYnJhbmRfaWRxKUsDVQ10ZWNobm9sb2d5X2lkcSpLBFURX3RlY2hub2xvZ3lfY2FjaGVxK2gMY2hvbWUubW9kZWxzClRlY2hub2xvZ3kKcSxoDk6HUnEtfXEuKGgVWMgAAABodHRwOi8vd3d3Lmdvb2dsZS5maS91cmw/c2E9aSZyY3Q9aiZxPSZlc3JjPXMmc291cmNlPWltYWdlcyZjZD0mY2FkPXJqYSZkb2NpZD1JMDNOdE5kNTJNRGdRTSZ0Ym5pZD1qZ01lNm4wVFdvMjJkTTomdmVkPTBDQVVRalJ3JnVybD1odHRwJTNBJTJGJTJGd3d3LmVhc3lpY29uLm5ldCUyRmxhbmd1YWdlLmVuJTJGaWNvbnNlYXJjaCUyRndpZmklMkYmZWgWaBcpgXEvfXEwKGgaiWgbaBx1YmgdSwRoHlgEAAAAV2xhbnViVQRkYXRlcTFjZGF0ZXRpbWUKZGF0ZQpxMlUEB90FG4VScTNVCWluc3RhbGxlZHE0iGgdSwF1YmFVDl9wcmVmZXRjaF9kb25lcTWJVQpfZm9yX3dyaXRlcTaJVQVxdWVyeXE3Y2RqYW5nby5kYi5tb2RlbHMuc3FsLnF1ZXJ5ClF1ZXJ5CnE4KYFxOX1xOihVFWFnZ3JlZ2F0ZV9zZWxlY3RfbWFza3E7TlUXX2FnZ3JlZ2F0ZV9zZWxlY3RfY2FjaGVxPE5VBWV4dHJhcT1jZGphbmdvLnV0aWxzLmRhdGFzdHJ1Y3R1cmVzClNvcnRlZERpY3QKcT4pgXE/fXFAVQhrZXlPcmRlcnFBXXNiVQhqb2luX21hcHFCfXFDKE5YCwAAAGhvbWVfc2Vuc29ycUROTnRoRIVzVRVyZWxhdGVkX3NlbGVjdF9maWVsZHNxRV1VDGV4dHJhX3RhYmxlc3FGKVUJYWxpYXNfbWFwcUd9cUhoRGNkamFuZ28uZGIubW9kZWxzLnNxbC5jb25zdGFudHMKSm9pbkluZm8KcUkoaERoRE5OTk6JdIFxSmNjb2xsZWN0aW9ucwpPcmRlcmVkRGljdApxS11xTChdcU0oVQp0YWJsZV9uYW1lcU5oRGVdcU8oVQlyaHNfYWxpYXNxUGhEZV1xUShVCWpvaW5fdHlwZXFSTmVdcVMoVQlsaHNfYWxpYXNxVE5lXXFVKFUMbGhzX2pvaW5fY29scVZOZV1xVyhVDHJoc19qb2luX2NvbHFYTmVdcVkoVQhudWxsYWJsZXFaiWVlhVJxW2JzVQZ0YWJsZXNxXF1xXWhEYVUMdXNlZF9hbGlhc2VzcV5jX19idWlsdGluX18Kc2V0CnFfXXFgaERhhVJxYVUIb3JkZXJfYnlxYl1xY1UIZGlzdGluY3RxZIlVDmR1cGVfYXZvaWRhbmNlcWV9cWZVCXRhYmxlX21hcHFnfXFoaERdcWloRGFzVQhncm91cF9ieXFqTlURc2VsZWN0X2Zvcl91cGRhdGVxa4lVDnNlbGVjdF9yZWxhdGVkcWyJVRBkZWZlcnJlZF9sb2FkaW5ncW1oX12FUnFuiIZxb1UNc2VsZWN0X2ZpZWxkc3FwXVUTX2V4dHJhX3NlbGVjdF9jYWNoZXFxTlUJbWF4X2RlcHRocXJLBVUGc2VsZWN0cXNdcXRVDmV4dHJhX29yZGVyX2J5cXUpVQ9kaXN0aW5jdF9maWVsZHNxdl1xd1UKYWdncmVnYXRlc3F4aD4pgXF5fXF6aEFdc2JVGV9sb2FkZWRfZmllbGRfbmFtZXNfY2FjaGVxe31xfFURZXh0cmFfc2VsZWN0X21hc2txfU5VGHNlbGVjdF9mb3JfdXBkYXRlX25vd2FpdHF+iVUIbG93X21hcmtxf0sAVQ5hbGlhc19yZWZjb3VudHGAfXGBaERLAXNVE3JlbGF0ZWRfc2VsZWN0X2NvbHNxgl1VDGRlZmF1bHRfY29sc3GDiFUQb3JkZXJpbmdfYWxpYXNlc3GEXXGFVQZoYXZpbmdxhmNkamFuZ28uZGIubW9kZWxzLnNxbC53aGVyZQpXaGVyZU5vZGUKcYcpgXGIfXGJKFUJY29ubmVjdG9ycYpVA0FORHGLVQduZWdhdGVkcYyJVQhjaGlsZHJlbnGNXVUPc3VidHJlZV9wYXJlbnRzcY5ddWJVGWluY2x1ZGVkX2luaGVyaXRlZF9tb2RlbHNxj31xkE5oRHNVEGRlZmF1bHRfb3JkZXJpbmdxkYhVC3doZXJlX2NsYXNzcZJoh1UFbW9kZWxxk2gNVRFzdGFuZGFyZF9vcmRlcmluZ3GUiFUFd2hlcmVxlWiHKYFxln1xlyhoimiLaIyJaI1dcZhohymBcZl9cZooaIpoi2iMiWiNXXGbKGNkamFuZ28uZGIubW9kZWxzLnNxbC53aGVyZQpDb25zdHJhaW50CnGcKYFxnX1xnihVBWFsaWFzcZ9oRFUFbW9kZWxxoGgNVQpmaWVsZF9uYW1lcaFoH1UDY29scaJVBGNvZGVxo3ViVQVleGFjdIhYAgAAADAxdHGkYWiOXXViYWiOXXViVQloaWdoX21hcmtxpU5VEGZpbHRlcl9pc19zdGlja3lxpol1YmigaA1VGV9wcmVmZXRjaF9yZWxhdGVkX2xvb2t1cHNxp11xqHViVQdtb2R1bGUziFUHbW9kdWxlMohVEl9hdXRoX3VzZXJfYmFja2VuZFUpZGphbmdvLmNvbnRyaWIuYXV0aC5iYWNrZW5kcy5Nb2RlbEJhY2tlbmRVB21vZHVsZTGIdS4="
    }
  },
  {
    "pk": "fatru43wiy2ardr0khwgy1cm1y4j3dat",
    "model": "sessions.session",
    "fields": {
      "expire_date": "2013-06-17T03:06:54.843Z",
      "session_data": "NzZiOThiMzk2OWM2NWI3MGE3ZDg1OWY4MTc2YmUwMTM1ZTgyMjYyYzqAAn1xAVUGd2ViY2FtcQKJcy4="
    }
  },
  {
    "pk": "rgy8u96et54d4uderabra21hq15i4wc2",
    "model": "sessions.session",
    "fields": {
      "expire_date": "2013-06-17T03:09:28.108Z",
      "session_data": "MDUwZmQ0ZDhkYjY3ZDU0MWFjOGJlYWYyMTk3NDkwOGIwM2I1MGFmNzqAAn1xAVUGd2ViY2FtiXMu"
    }
  },
  {
    "pk": "z82i7zog6k5303w40dgfkpikx82jwsrd",
    "model": "sessions.session",
    "fields": {
      "expire_date": "2013-06-17T03:10:06.578Z",
      "session_data": "NzZiOThiMzk2OWM2NWI3MGE3ZDg1OWY4MTc2YmUwMTM1ZTgyMjYyYzqAAn1xAVUGd2ViY2FtcQKJcy4="
    }
  },
  {
    "pk": "bkiunw37w7hs9xx85miska37m4zb0i9u",
    "model": "sessions.session",
    "fields": {
      "expire_date": "2013-06-17T06:07:42.540Z",
      "session_data": "YjY3MTQ3YjlhZjIxZDFjOGY1ZTA4MDEyZWIyNjdkNzJkNzE1OGZlMTqAAn1xAVUGd2ViY2FtiHMu"
    }
  },
  {
    "pk": "1f13l43j19ftl18h6unrdqsixigx7krj",
    "model": "sessions.session",
    "fields": {
      "expire_date": "2013-06-17T06:09:05.998Z",
      "session_data": "ZmNmMmYzMGI4OGM5YjRiMTY0MjRhMDUyZDE2OTBiYmI0Y2YxNDhlODqAAn1xAShVBndlYmNhbYlVDWxhdGVzdF9zZW5zb3JjZGphbmdvLmRiLm1vZGVscy5xdWVyeQpRdWVyeVNldApxAimBcQN9cQQoVQVfaXRlcnEFTlUWX2tub3duX3JlbGF0ZWRfb2JqZWN0c3EGfXEHVQ5fc3RpY2t5X2ZpbHRlcnEIiVUDX2RicQlOVQ1fcmVzdWx0X2NhY2hlcQpdcQtjY29weV9yZWcKX3JlY29uc3RydWN0b3IKcQxjaG9tZS5tb2RlbHMKU2Vuc29yCnENY19fYnVpbHRpbl9fCm9iamVjdApxDk6HUnEPfXEQKFUMX2JyYW5kX2NhY2hlcRFoDGNob21lLm1vZGVscwpCcmFuZApxEmgOTodScRN9cRQoVQhsb2dvX3VybHEVWMgAAABodHRwOi8vd3d3Lmdvb2dsZS5maS91cmw/c2E9aSZyY3Q9aiZxPSZlc3JjPXMmc291cmNlPWltYWdlcyZjZD0mY2FkPXJqYSZkb2NpZD1EYi1WVDNjOXk2OGxZTSZ0Ym5pZD1HRTQ1SE1DaXFGOUlyTTomdmVkPTBDQVVRalJ3JnVybD1odHRwJTNBJTJGJTJGd3d3LmNvbXB1dGV4LmZpJTJGY2F0YWxvZyUyRmluZGV4LnBocCUzRm1hbnVmYWN0dXJlcnNfaVUGX3N0YXRlcRZjZGphbmdvLmRiLm1vZGVscy5iYXNlCk1vZGVsU3RhdGUKcRcpgXEYfXEZKFUGYWRkaW5ncRqJVQJkYnEbVQdkZWZhdWx0cRx1YlUCaWRxHUsEVQRuYW1lcR5YBAAAAE5leGF1YlUEY29kZXEfWAIAAAAwNlUEbGVhZHEgWBQAAABCYXNpYyBwb3dlciBzd2l0Y2hlclUFcHJpY2VxIU5VC3BpY3R1cmVfdXJsWE0AAABodHRwOi8vY2RuMS5pY29uZmluZGVyLmNvbS9kYXRhL2ljb25zL1gtTWFjL211bHRpbWVkaWEvcG5nLzEyOC9zd2l0Y2hfb2ZmLnBuZ2gWaBcpgXEifXEjKGgaiWgbaBx1YlUGbnVtYmVycSRLBlUFbGFiZWxxJVgIAAAAU3dpdGNoZXJVCGJyYW5kX2lkcSZLBFUNdGVjaG5vbG9neV9pZHEnSwZVEV90ZWNobm9sb2d5X2NhY2hlcShoDGNob21lLm1vZGVscwpUZWNobm9sb2d5CnEpaA5Oh1JxKn1xKyhoFVjIAAAAaHR0cDovL3d3dy5nb29nbGUuZmkvdXJsP3NhPWkmcmN0PWomcT0mZXNyYz1zJnNvdXJjZT1pbWFnZXMmY2Q9JmNhZD1yamEmZG9jaWQ9bkd6ZzZjLUsxZjVuOE0mdGJuaWQ9bUZaN0YxT2FEUmE4ek06JnZlZD0wQ0FVUWpSdyZ1cmw9aHR0cCUzQSUyRiUyRnd3dy5pY29uc2hvY2suY29tJTJGaWNvbi1zZXRzJTJGeG1hYy1tdWx0aW1lZGlhLWljb25zLmhoFmgXKYFxLH1xLShoGoloG2gcdWJoHUsGaB5YBwAAADQzMyBNSHp1YlUEZGF0ZXEuY2RhdGV0aW1lCmRhdGUKcS9VBAfdBR2FUnEwVQlpbnN0YWxsZWRxMYhoHUsGdWJhVQ5fcHJlZmV0Y2hfZG9uZXEyiVUKX2Zvcl93cml0ZXEziVUFcXVlcnlxNGNkamFuZ28uZGIubW9kZWxzLnNxbC5xdWVyeQpRdWVyeQpxNSmBcTZ9cTcoVRVhZ2dyZWdhdGVfc2VsZWN0X21hc2txOE5VF19hZ2dyZWdhdGVfc2VsZWN0X2NhY2hlcTlOVQVleHRyYXE6Y2RqYW5nby51dGlscy5kYXRhc3RydWN0dXJlcwpTb3J0ZWREaWN0CnE7KYFxPH1xPVUIa2V5T3JkZXJxPl1zYlUIam9pbl9tYXBxP31xQChOWAsAAABob21lX3NlbnNvcnFBTk50aEGFc1UVcmVsYXRlZF9zZWxlY3RfZmllbGRzcUJdVQxleHRyYV90YWJsZXNxQylVCWFsaWFzX21hcHFEfXFFaEFjZGphbmdvLmRiLm1vZGVscy5zcWwuY29uc3RhbnRzCkpvaW5JbmZvCnFGKGhBaEFOTk5OiXSBcUdzVQZ0YWJsZXNxSF1xSWhBYVUMdXNlZF9hbGlhc2VzcUpjX19idWlsdGluX18Kc2V0CnFLXXFMaEFhhVJxTVUIb3JkZXJfYnlxTl1xT1UIZGlzdGluY3RxUIlVDmR1cGVfYXZvaWRhbmNlcVF9cVJVCXRhYmxlX21hcHFTfXFUaEFdcVVoQWFzVQhncm91cF9ieXFWTlURc2VsZWN0X2Zvcl91cGRhdGVxV4lVDnNlbGVjdF9yZWxhdGVkcViJVRBkZWZlcnJlZF9sb2FkaW5ncVloS12FUnFaiIZxW1UNc2VsZWN0X2ZpZWxkc3FcXVUTX2V4dHJhX3NlbGVjdF9jYWNoZXFdTlUJbWF4X2RlcHRocV5LBVUGc2VsZWN0cV9dcWBVDmV4dHJhX29yZGVyX2J5cWEpVQ9kaXN0aW5jdF9maWVsZHNxYl1xY1UKYWdncmVnYXRlc3FkaDspgXFlfXFmaD5dc2JVGV9sb2FkZWRfZmllbGRfbmFtZXNfY2FjaGVxZ31xaFURZXh0cmFfc2VsZWN0X21hc2txaU5VGHNlbGVjdF9mb3JfdXBkYXRlX25vd2FpdHFqiVUIbG93X21hcmtxa0sAVQ5hbGlhc19yZWZjb3VudHFsfXFtaEFLAXNVE3JlbGF0ZWRfc2VsZWN0X2NvbHNxbl1VDGRlZmF1bHRfY29sc3FviFUQb3JkZXJpbmdfYWxpYXNlc3FwXXFxVQZoYXZpbmdxcmNkamFuZ28uZGIubW9kZWxzLnNxbC53aGVyZQpXaGVyZU5vZGUKcXMpgXF0fXF1KFUJY29ubmVjdG9ycXZVA0FORHF3VQduZWdhdGVkcXiJVQhjaGlsZHJlbnF5XVUPc3VidHJlZV9wYXJlbnRzcXpddWJVGWluY2x1ZGVkX2luaGVyaXRlZF9tb2RlbHNxe31xfE5oQXNVEGRlZmF1bHRfb3JkZXJpbmdxfYhVC3doZXJlX2NsYXNzcX5oc1UFbW9kZWxxf2gNVRFzdGFuZGFyZF9vcmRlcmluZ3GAiFUFd2hlcmVxgWhzKYFxgn1xgyhodmh3aHiJaHldcYRocymBcYV9cYYoaHZod2h4iWh5XXGHKGNkamFuZ28uZGIubW9kZWxzLnNxbC53aGVyZQpDb25zdHJhaW50CnGIKYFxiX1xiihVBWFsaWFzcYtoQVUFbW9kZWxxjGgNVQpmaWVsZF9uYW1lcY1oH1UDY29scY5VBGNvZGVxj3ViVQVleGFjdIhYAgAAADA2dHGQYWh6XXViYWh6XXViVQloaWdoX21hcmtxkU5VEGZpbHRlcl9pc19zdGlja3lxkol1YmiMaA1VGV9wcmVmZXRjaF9yZWxhdGVkX2xvb2t1cHNxk11xlHViWAoAAAB0ZXN0Y29va2llWAYAAAB3b3JrZWRVBHVzZXJYBQAAAE1hdHRpdS4="
    }
  },
  {
    "pk": "u0e9abx0jx0fb46o8h2suli9zryuo1po",
    "model": "sessions.session",
    "fields": {
      "expire_date": "2013-06-17T17:01:02.408Z",
      "session_data": "MGRkOTM0M2FmNDA1NmFlZmM5ZWU0NTBmMmEyYzgxN2EwODFkZGY0OTqAAn1xAS4="
    }
  },
  {
    "pk": "a6152fb17c4a4bee803812efe6e7dbb7",
    "model": "sessions.session",
    "fields": {
      "expire_date": "2013-06-17T17:01:30.746Z",
      "session_data": "ZDJlZWU1MDY2OTViNGJlNWMzZDY5NzQzMmNlMGQyNGY1YjE4YzQ2ZjqAAn1xAShVEl9hdXRoX3Vz\nZXJfYmFja2VuZHECVSlkamFuZ28uY29udHJpYi5hdXRoLmJhY2tlbmRzLk1vZGVsQmFja2VuZHED\nVQ1fYXV0aF91c2VyX2lkcQRLAXUu\n"
    }
  },
  {
    "pk": "7jr0nwjrbh3mf0zb562m4coausu4xyu5",
    "model": "sessions.session",
    "fields": {
      "expire_date": "2013-06-12T12:32:34.968Z",
      "session_data": "MDUwZmQ0ZDhkYjY3ZDU0MWFjOGJlYWYyMTk3NDkwOGIwM2I1MGFmNzqAAn1xAVUGd2ViY2FtiXMu"
    }
  },
  {
    "pk": "wxrqbghykebh5m073mumeue54l5x7vbc",
    "model": "sessions.session",
    "fields": {
      "expire_date": "2013-06-12T00:40:48.342Z",
      "session_data": "NzZiOThiMzk2OWM2NWI3MGE3ZDg1OWY4MTc2YmUwMTM1ZTgyMjYyYzqAAn1xAVUGd2ViY2FtcQKJcy4="
    }
  },
  {
    "pk": "ychvyckuhkynhoadadlpz6coacz15z15",
    "model": "sessions.session",
    "fields": {
      "expire_date": "2013-06-12T12:51:45.170Z",
      "session_data": "ZmNkM2VjYjdhYzlkOGNjMTU4N2U4MzRkYmI0N2YwYzNiMGZkNzIzZTqAAn1xAShVBndlYmNhbYlVDWxhdGVzdF9zZW5zb3JxAmNkamFuZ28uZGIubW9kZWxzLnF1ZXJ5ClF1ZXJ5U2V0CnEDKYFxBH1xBShVBV9pdGVycQZOVRlfcHJlZmV0Y2hfcmVsYXRlZF9sb29rdXBzcQddcQhVDl9zdGlja3lfZmlsdGVycQmJVQNfZGJxCk5VDV9yZXN1bHRfY2FjaGVxC11xDGNjb3B5X3JlZwpfcmVjb25zdHJ1Y3RvcgpxDWNob21lLm1vZGVscwpTZW5zb3IKcQ5jX19idWlsdGluX18Kb2JqZWN0CnEPTodScRB9cREoVQxfYnJhbmRfY2FjaGVoDWNob21lLm1vZGVscwpCcmFuZApxEmgPTodScRN9cRQoVQhsb2dvX3VybHEVWGoAAABodHRwczovL2VuY3J5cHRlZC10Ym4xLmdzdGF0aWMuY29tL2ltYWdlcz9xPXRibjpBTmQ5R2NRRTFpSlpLdllzM0FhR0pGdjM3Sk5PMnRUaDNZcVljckMzNlFGdzQ1dml1dU96OFdiSFRBVQZfc3RhdGVxFmNkamFuZ28uZGIubW9kZWxzLmJhc2UKTW9kZWxTdGF0ZQpxFymBcRh9cRkoVQZhZGRpbmdxGolVAmRicRtVB2RlZmF1bHRxHHViVQJpZHEdSwNVBG5hbWVxHlgGAAAARC1MaW5rdWJVBGNvZGVxH1gCAAAAMDFVBGxlYWRxIFgPAAAAU2VjdXJpdHkgQ2FtZXJhVQVwcmljZXEhY2RlY2ltYWwKRGVjaW1hbApxIlUGMTE0Ljk1hVJxI1ULcGljdHVyZV91cmxxJFhIAAAAaHR0cDovL2NkbjQuaWNvbmZpbmRlci5jb20vZGF0YS9pY29ucy9yZWZyZXNoX2NsLzEyOC9IYXJkd2FyZS9XZWJjYW0ucG5naBZoFymBcSV9cSYoaBqJaBtoHHViVQZudW1iZXJxJ0sBVQVsYWJlbHEoWAYAAABXZWJjYW1VCGJyYW5kX2lkcSlLA1UNdGVjaG5vbG9neV9pZHEqSwRVEV90ZWNobm9sb2d5X2NhY2hlcStoDWNob21lLm1vZGVscwpUZWNobm9sb2d5CnEsaA9Oh1JxLX1xLihoFVjIAAAAaHR0cDovL3d3dy5nb29nbGUuZmkvdXJsP3NhPWkmcmN0PWomcT0mZXNyYz1zJnNvdXJjZT1pbWFnZXMmY2Q9JmNhZD1yamEmZG9jaWQ9STAzTnROZDUyTURnUU0mdGJuaWQ9amdNZTZuMFRXbzIyZE06JnZlZD0wQ0FVUWpSdyZ1cmw9aHR0cCUzQSUyRiUyRnd3dy5lYXN5aWNvbi5uZXQlMkZsYW5ndWFnZS5lbiUyRmljb25zZWFyY2glMkZ3aWZpJTJGJmVoFmgXKYFxL31xMChoGoloG2gcdWJoHUsEaB5YBAAAAFdsYW51YlUEZGF0ZXExY2RhdGV0aW1lCmRhdGUKcTJVBAfdBRuFUnEzVQlpbnN0YWxsZWRxNIhoHUsBdWJhVQ5fcHJlZmV0Y2hfZG9uZXE1iVUKX2Zvcl93cml0ZXE2iVUFcXVlcnlxN2NkamFuZ28uZGIubW9kZWxzLnNxbC5xdWVyeQpRdWVyeQpxOCmBcTl9cTooVRVhZ2dyZWdhdGVfc2VsZWN0X21hc2txO05VF19hZ2dyZWdhdGVfc2VsZWN0X2NhY2hlcTxOVQVleHRyYXE9Y2RqYW5nby51dGlscy5kYXRhc3RydWN0dXJlcwpTb3J0ZWREaWN0CnE+KYFxP31xQFUIa2V5T3JkZXJxQV1zYlUIam9pbl9tYXBxQn1xQyhOWAsAAABob21lX3NlbnNvcnFETk50aESFc1UVcmVsYXRlZF9zZWxlY3RfZmllbGRzcUVdVQxleHRyYV90YWJsZXNxRilVBnNlbGVjdHFHXXFIVQZ0YWJsZXNxSV1xSmhEYVUMdXNlZF9hbGlhc2VzcUtjX19idWlsdGluX18Kc2V0CnFMXXFNaERhhVJxTlUIb3JkZXJfYnlxT11xUFUIZGlzdGluY3RxUYlVDmR1cGVfYXZvaWRhbmNlcVJ9cVNVEGRlZmF1bHRfb3JkZXJpbmdxVIhVCGdyb3VwX2J5cVVOVRFzZWxlY3RfZm9yX3VwZGF0ZXFWiVUOc2VsZWN0X3JlbGF0ZWRxV4lVEGRlZmVycmVkX2xvYWRpbmdxWGhMXYVScVmIhnFaVQ1zZWxlY3RfZmllbGRzcVtdVQlhbGlhc19tYXBxXH1xXWhEY2RqYW5nby5kYi5tb2RlbHMuc3FsLmNvbnN0YW50cwpKb2luSW5mbwpxXihoRGhETk5OTol0gXFfc1UJbWF4X2RlcHRocWBLBVURc3RhbmRhcmRfb3JkZXJpbmdxYYhVDmV4dHJhX29yZGVyX2J5cWIpVQ9kaXN0aW5jdF9maWVsZHNxY11xZFUKYWdncmVnYXRlc3FlaD4pgXFmfXFnaEFdc2JVGV9sb2FkZWRfZmllbGRfbmFtZXNfY2FjaGVxaH1xaVURZXh0cmFfc2VsZWN0X21hc2txak5VGHNlbGVjdF9mb3JfdXBkYXRlX25vd2FpdHFriVUTX2V4dHJhX3NlbGVjdF9jYWNoZXFsTlUIbG93X21hcmtxbUsAVQ5hbGlhc19yZWZjb3VudHFufXFvaERLAXNVE3JlbGF0ZWRfc2VsZWN0X2NvbHNxcF1VDGRlZmF1bHRfY29sc3FxiFUQb3JkZXJpbmdfYWxpYXNlc3FyXXFzVQloaWdoX21hcmtxdE5VGWluY2x1ZGVkX2luaGVyaXRlZF9tb2RlbHNxdX1xdk5oRHNVCXRhYmxlX21hcHF3fXF4aERdcXloRGFzVQt3aGVyZV9jbGFzc3F6Y2RqYW5nby5kYi5tb2RlbHMuc3FsLndoZXJlCldoZXJlTm9kZQpxe1UFbW9kZWxxfGgOVQV3aGVyZXF9aHspgXF+fXF/KFUJY29ubmVjdG9ycYBVA0FORHGBVQduZWdhdGVkcYKJVQhjaGlsZHJlbnGDXXGEaHspgXGFfXGGKGiAaIFogolog11xhyhjZGphbmdvLmRiLm1vZGVscy5zcWwud2hlcmUKQ29uc3RyYWludApxiCmBcYl9cYooVQVhbGlhc3GLaERofGgOVQpmaWVsZF9uYW1lcYxoH1UDY29scY1oH3ViVQVleGFjdHGOiFgCAAAAMDFxj3RxkGFVD3N1YnRyZWVfcGFyZW50c3GRXXViYWiRXXViVQZoYXZpbmdxkmh7KYFxk31xlChogGiBaIKJaINdaJFddWJVEGZpbHRlcl9pc19zdGlja3lxlYl1Ymh8aA5VFl9rbm93bl9yZWxhdGVkX29iamVjdHNxln1xl3ViVQ1fYXV0aF91c2VyX2lkSwJVEl9hdXRoX3VzZXJfYmFja2VuZFUpZGphbmdvLmNvbnRyaWIuYXV0aC5iYWNrZW5kcy5Nb2RlbEJhY2tlbmR1Lg=="
    }
  },
  {
    "pk": 1,
    "model": "sites.site",
    "fields": {
      "domain": "example.com",
      "name": "example.com"
    }
  },
  {
    "pk": 2,
    "model": "home.brand",
    "fields": {
      "logo": "",
      "name": "Ninja Blocks"
    }
  },
  {
    "pk": 3,
    "model": "home.brand",
    "fields": {
      "logo": "",
      "name": "D-Link"
    }
  },
  {
    "pk": 1,
    "model": "home.brand",
    "fields": {
      "logo": "",
      "name": "Everspring"
    }
  },
  {
    "pk": 4,
    "model": "home.brand",
    "fields": {
      "logo": "",
      "name": "Nexa"
    }
  },
  {
    "pk": 4,
    "model": "home.technology",
    "fields": {
      "logo": "",
      "name": "Wlan"
    }
  },
  {
    "pk": 5,
    "model": "home.technology",
    "fields": {
      "logo": "",
      "name": "Z-Wave"
    }
  },
  {
    "pk": 6,
    "model": "home.technology",
    "fields": {
      "logo": "",
      "name": "433 MHz"
    }
  },
  {
    "pk": 7,
    "model": "home.technology",
    "fields": {
      "logo": "",
      "name": "433.92 MHz"
    }
  },
  {
    "pk": 1,
    "model": "home.sensor",
    "fields": {
      "picture": "webcam.png",
      "code": "01",
      "lead": "Security Camera",
      "brand": 3,
      "number": 1,
      "label": "Webcam",
      "date": "2013-05-27",
      "installed": true,
      "technology": 4,
      "price": "114.95"
    }
  },
  {
    "pk": 2,
    "model": "home.sensor",
    "fields": {
      "picture": "temperature.png",
      "code": "02",
      "lead": "Measures temperature",
      "brand": 2,
      "number": 2,
      "label": "Temperature sensor",
      "date": "2013-05-27",
      "installed": true,
      "technology": 7,
      "price": null
    }
  },
  {
    "pk": 3,
    "model": "home.sensor",
    "fields": {
      "picture": "multiswitch.png",
      "code": "03",
      "lead": "Energy meter and switcher",
      "brand": 1,
      "number": 3,
      "label": "Multi Switch",
      "date": "2013-05-27",
      "installed": true,
      "technology": 5,
      "price": null
    }
  },
  {
    "pk": 4,
    "model": "home.sensor",
    "fields": {
      "picture": "lampswitch.png",
      "code": "04",
      "lead": "Lamp buld power switch",
      "brand": 1,
      "number": 4,
      "label": "Lampswitch",
      "date": "2013-05-27",
      "installed": true,
      "technology": 5,
      "price": null
    }
  },
  {
    "pk": 5,
    "model": "home.sensor",
    "fields": {
      "picture": "water.png",
      "code": "05",
      "lead": "Recognizes water leaks",
      "brand": 1,
      "number": 5,
      "label": "Water detector",
      "date": "2013-05-27",
      "installed": true,
      "technology": 5,
      "price": null
    }
  },
  {
    "pk": 6,
    "model": "home.sensor",
    "fields": {
      "picture": "switcher.png",
      "code": "06",
      "lead": "Basic power switcher",
      "brand": 4,
      "number": 6,
      "label": "Switcher",
      "date": "2013-05-29",
      "installed": true,
      "technology": 6,
      "price": null
    }
  },
  {
    "pk": 7,
    "model": "home.sensor",
    "fields": {
      "picture": "switcher.png",
      "code": "08",
      "lead": "Basic power switcher",
      "brand": 4,
      "number": 8,
      "label": "Switcher",
      "date": "2013-05-29",
      "installed": true,
      "technology": 6,
      "price": null
    }
  },
  {
    "pk": 8,
    "model": "home.sensor",
    "fields": {
      "picture": "switcher.png",
      "code": "12",
      "lead": "Basic power switcher",
      "brand": 4,
      "number": 12,
      "label": "Switcher",
      "date": "2013-05-29",
      "installed": true,
      "technology": 6,
      "price": null
    }
  },
  {
    "pk": 49,
    "model": "home.application",
    "fields": {
      "category": null,
      "name": "Eletronics",
      "lead": "Entertainment center",
      "author": "Jorma",
      "installed": true,
      "date": "2013-05-31",
      "sensor": 3,
      "icon": "eye"
    }
  },
  {
    "pk": 50,
    "model": "home.application",
    "fields": {
      "category": null,
      "name": "Lobby lamp",
      "lead": "Control lighting",
      "author": "Pirkko",
      "installed": true,
      "date": "2013-05-31",
      "sensor": 4,
      "icon": "cmd"
    }
  },
  {
    "pk": 51,
    "model": "home.application",
    "fields": {
      "category": null,
      "name": "Water Detector",
      "lead": "Reports water leaks",
      "author": "Kake",
      "installed": true,
      "date": "2013-05-31",
      "sensor": 5,
      "icon": "location"
    }
  },
  {
    "pk": 48,
    "model": "home.application",
    "fields": {
      "category": null,
      "name": "Temperature",
      "lead": "Lobby temp",
      "author": "Keijo",
      "installed": true,
      "date": "2013-05-31",
      "sensor": 2,
      "icon": "settings"
    }
  },
  {
    "pk": 47,
    "model": "home.application",
    "fields": {
      "category": null,
      "name": "Security Camera",
      "lead": "Lobby stream",
      "author": "Jaska",
      "installed": true,
      "date": "2013-05-31",
      "sensor": 1,
      "icon": "video"
    }
  },
  {
    "pk": 52,
    "model": "home.application",
    "fields": {
      "category": null,
      "name": "Coffee Machine",
      "lead": "Lobby",
      "author": "Matti",
      "installed": true,
      "date": "2013-06-01",
      "sensor": 6,
      "icon": "checkround"
    }
  },
  {
    "pk": 1,
    "model": "services.package",
    "fields": {
      "picture": "",
      "name": "Starter",
      "lead": "Basic Package",
      "price": null,
      "additional_description": "",
      "general_description": "This.."
    }
  },
  {
    "pk": 2,
    "model": "services.package",
    "fields": {
      "picture": "",
      "name": "Advanced",
      "lead": "Large collection",
      "price": null,
      "additional_description": "",
      "general_description": "This.."
    }
  },
  {
    "pk": 1,
    "model": "services.exampleservice",
    "fields": {
      "name": "Provider Finder",
      "lead": "Connects you to the best service provider",
      "package": null,
      "sensor_2": "",
      "sensor_1": "Failure sensor",
      "additional_description": "",
      "service_description": "With Provider Finder you can let your home sensors to track for technical failures. By choosing a suitable service plan provided by our service company pertners, you don't need to worry about those anymore.",
      "logo": "search.png"
    }
  },
  {
    "pk": 2,
    "model": "services.exampleservice",
    "fields": {
      "name": "Energy Account",
      "lead": "Makes energy consumption visible",
      "package": null,
      "sensor_2": "Additonal sensors",
      "sensor_1": "Energy meter",
      "additional_description": "You will also be able to connect your account to your social network so that you can play and compare energy consumption in yout network.",
      "service_description": "With energy account you can monitor your overall energy consumption in a easy way. You can connect all existing web-based meter services to your account and extend it by setting energy sensoring devices to your local network.",
      "logo": "energy.png"
    }
  },
  {
    "pk": 3,
    "model": "services.exampleservice",
    "fields": {
      "name": "Gas Detector",
      "lead": "Don't worry about gas leaks",
      "package": null,
      "sensor_2": "",
      "sensor_1": "Gas sensor",
      "additional_description": "",
      "service_description": "Let your gas sensor to worry about possible of gas leaks. You will be informed in the ways of your preferences.",
      "logo": "gas.png"
    }
  },
  {
    "pk": 4,
    "model": "services.exampleservice",
    "fields": {
      "name": "Shared Devices",
      "lead": "Share and use devices with your neighbours",
      "package": null,
      "sensor_2": "",
      "sensor_1": "",
      "additional_description": "",
      "service_description": "You can share your devices with your neighbours or other network.",
      "logo": "printer.png"
    }
  },
  {
    "pk": 5,
    "model": "services.exampleservice",
    "fields": {
      "name": "Roomba",
      "lead": "Control your Roomba",
      "package": null,
      "sensor_2": "",
      "sensor_1": "Joona's EEG helmet",
      "additional_description": "Addition description..",
      "service_description": "Service description..",
      "logo": "roomba.png"
    }
  },
  {
    "pk": 1,
    "model": "south.migrationhistory",
    "fields": {
      "applied": "2013-05-24T23:24:20.852Z",
      "app_name": "home",
      "migration": "0001_initial"
    }
  },
  {
    "pk": 2,
    "model": "south.migrationhistory",
    "fields": {
      "applied": "2013-05-24T23:24:33.840Z",
      "app_name": "services",
      "migration": "0001_initial"
    }
  },
  {
    "pk": 3,
    "model": "south.migrationhistory",
    "fields": {
      "applied": "2013-05-24T23:24:43.871Z",
      "app_name": "manager",
      "migration": "0001_initial"
    }
  },
  {
    "pk": 4,
    "model": "south.migrationhistory",
    "fields": {
      "applied": "2013-05-24T23:46:46.366Z",
      "app_name": "services",
      "migration": "0002_auto__chg_field_exampleservice_additional_description__chg_field_examp"
    }
  },
  {
    "pk": 5,
    "model": "south.migrationhistory",
    "fields": {
      "applied": "2013-05-24T23:46:47.515Z",
      "app_name": "services",
      "migration": "0003_auto__chg_field_exampleservice_lead"
    }
  },
  {
    "pk": 6,
    "model": "south.migrationhistory",
    "fields": {
      "applied": "2013-05-26T10:17:26.045Z",
      "app_name": "home",
      "migration": "0002_auto__del_package__add_field_application_code"
    }
  },
  {
    "pk": 7,
    "model": "south.migrationhistory",
    "fields": {
      "applied": "2013-05-26T10:20:25.176Z",
      "app_name": "home",
      "migration": "0003_auto__add_field_application_number"
    }
  },
  {
    "pk": 8,
    "model": "south.migrationhistory",
    "fields": {
      "applied": "2013-05-26T11:12:21.714Z",
      "app_name": "home",
      "migration": "0004_auto__del_field_application_extra_field_2__del_field_application_extra"
    }
  },
  {
    "pk": 9,
    "model": "south.migrationhistory",
    "fields": {
      "applied": "2013-05-26T11:19:34.648Z",
      "app_name": "home",
      "migration": "0005_auto__add_brand"
    }
  },
  {
    "pk": 10,
    "model": "south.migrationhistory",
    "fields": {
      "applied": "2013-05-26T11:39:06.213Z",
      "app_name": "home",
      "migration": "0006_auto__del_field_application_number__add_field_sensor_number"
    }
  },
  {
    "pk": 11,
    "model": "south.migrationhistory",
    "fields": {
      "applied": "2013-05-26T14:36:57.578Z",
      "app_name": "home",
      "migration": "0007_auto__add_field_application_sensor"
    }
  },
  {
    "pk": 12,
    "model": "south.migrationhistory",
    "fields": {
      "applied": "2013-05-26T16:23:14.718Z",
      "app_name": "home",
      "migration": "0008_auto__add_field_application_author"
    }
  },
  {
    "pk": 13,
    "model": "south.migrationhistory",
    "fields": {
      "applied": "2013-05-27T17:49:08.002Z",
      "app_name": "services",
      "migration": "0004_auto__add_package"
    }
  },
  {
    "pk": 14,
    "model": "south.migrationhistory",
    "fields": {
      "applied": "2013-05-28T10:59:52.595Z",
      "app_name": "services",
      "migration": "0005_auto__chg_field_exampleservice_logo_url"
    }
  },
  {
    "pk": 15,
    "model": "south.migrationhistory",
    "fields": {
      "applied": "2013-05-28T16:55:01.972Z",
      "app_name": "home",
      "migration": "0009_auto__add_icon__add_field_application_icon"
    }
  },
  {
    "pk": 16,
    "model": "south.migrationhistory",
    "fields": {
      "applied": "2013-05-28T20:36:58.412Z",
      "app_name": "home",
      "migration": "0010_auto__del_icon__chg_field_application_icon"
    }
  },
  {
    "pk": 17,
    "model": "south.migrationhistory",
    "fields": {
      "applied": "2013-05-28T21:07:04.861Z",
      "app_name": "home",
      "migration": "0011_auto__chg_field_application_sensor"
    }
  },
  {
    "pk": 18,
    "model": "south.migrationhistory",
    "fields": {
      "applied": "2013-05-28T21:16:05.596Z",
      "app_name": "home",
      "migration": "0012_auto__del_field_category_lead__del_field_application_picture_url__add_"
    }
  },
  {
    "pk": 19,
    "model": "south.migrationhistory",
    "fields": {
      "applied": "2013-05-28T21:16:50.059Z",
      "app_name": "home",
      "migration": "0013_auto__add_field_sensor_brand__add_field_sensor_technology"
    }
  },
  {
    "pk": 20,
    "model": "south.migrationhistory",
    "fields": {
      "applied": "2013-05-28T21:40:56.815Z",
      "app_name": "home",
      "migration": "0014_auto__chg_field_sensor_code"
    }
  },
  {
    "pk": 21,
    "model": "south.migrationhistory",
    "fields": {
      "applied": "2013-05-29T06:58:34.835Z",
      "app_name": "services",
      "migration": "0006_auto__add_field_exampleservice_package"
    }
  },
  {
    "pk": 22,
    "model": "south.migrationhistory",
    "fields": {
      "applied": "2013-06-02T15:24:06.814Z",
      "app_name": "home",
      "migration": "0015_auto__del_field_technology_logo_url__add_field_technology_logo__del_fi"
    }
  },
  {
    "pk": 23,
    "model": "south.migrationhistory",
    "fields": {
      "applied": "2013-06-02T15:24:34.349Z",
      "app_name": "services",
      "migration": "0007_auto__del_field_exampleservice_logo_url__add_field_exampleservice_logo"
    }
  },
  {
    "pk": 19,
    "model": "auth.permission",
    "fields": {
      "codename": "add_logentry",
      "name": "Can add log entry",
      "content_type": 7
    }
  },
  {
    "pk": 20,
    "model": "auth.permission",
    "fields": {
      "codename": "change_logentry",
      "name": "Can change log entry",
      "content_type": 7
    }
  },
  {
    "pk": 21,
    "model": "auth.permission",
    "fields": {
      "codename": "delete_logentry",
      "name": "Can delete log entry",
      "content_type": 7
    }
  },
  {
    "pk": 4,
    "model": "auth.permission",
    "fields": {
      "codename": "add_group",
      "name": "Can add group",
      "content_type": 2
    }
  },
  {
    "pk": 5,
    "model": "auth.permission",
    "fields": {
      "codename": "change_group",
      "name": "Can change group",
      "content_type": 2
    }
  },
  {
    "pk": 6,
    "model": "auth.permission",
    "fields": {
      "codename": "delete_group",
      "name": "Can delete group",
      "content_type": 2
    }
  },
  {
    "pk": 1,
    "model": "auth.permission",
    "fields": {
      "codename": "add_permission",
      "name": "Can add permission",
      "content_type": 1
    }
  },
  {
    "pk": 2,
    "model": "auth.permission",
    "fields": {
      "codename": "change_permission",
      "name": "Can change permission",
      "content_type": 1
    }
  },
  {
    "pk": 3,
    "model": "auth.permission",
    "fields": {
      "codename": "delete_permission",
      "name": "Can delete permission",
      "content_type": 1
    }
  },
  {
    "pk": 7,
    "model": "auth.permission",
    "fields": {
      "codename": "add_user",
      "name": "Can add user",
      "content_type": 3
    }
  },
  {
    "pk": 8,
    "model": "auth.permission",
    "fields": {
      "codename": "change_user",
      "name": "Can change user",
      "content_type": 3
    }
  },
  {
    "pk": 9,
    "model": "auth.permission",
    "fields": {
      "codename": "delete_user",
      "name": "Can delete user",
      "content_type": 3
    }
  },
  {
    "pk": 10,
    "model": "auth.permission",
    "fields": {
      "codename": "add_contenttype",
      "name": "Can add content type",
      "content_type": 4
    }
  },
  {
    "pk": 11,
    "model": "auth.permission",
    "fields": {
      "codename": "change_contenttype",
      "name": "Can change content type",
      "content_type": 4
    }
  },
  {
    "pk": 12,
    "model": "auth.permission",
    "fields": {
      "codename": "delete_contenttype",
      "name": "Can delete content type",
      "content_type": 4
    }
  },
  {
    "pk": 40,
    "model": "auth.permission",
    "fields": {
      "codename": "add_application",
      "name": "Can add application",
      "content_type": 14
    }
  },
  {
    "pk": 41,
    "model": "auth.permission",
    "fields": {
      "codename": "change_application",
      "name": "Can change application",
      "content_type": 14
    }
  },
  {
    "pk": 42,
    "model": "auth.permission",
    "fields": {
      "codename": "delete_application",
      "name": "Can delete application",
      "content_type": 14
    }
  },
  {
    "pk": 46,
    "model": "auth.permission",
    "fields": {
      "codename": "add_brand",
      "name": "Can add brand",
      "content_type": 16
    }
  },
  {
    "pk": 47,
    "model": "auth.permission",
    "fields": {
      "codename": "change_brand",
      "name": "Can change brand",
      "content_type": 16
    }
  },
  {
    "pk": 48,
    "model": "auth.permission",
    "fields": {
      "codename": "delete_brand",
      "name": "Can delete brand",
      "content_type": 16
    }
  },
  {
    "pk": 34,
    "model": "auth.permission",
    "fields": {
      "codename": "add_category",
      "name": "Can add category",
      "content_type": 12
    }
  },
  {
    "pk": 35,
    "model": "auth.permission",
    "fields": {
      "codename": "change_category",
      "name": "Can change category",
      "content_type": 12
    }
  },
  {
    "pk": 36,
    "model": "auth.permission",
    "fields": {
      "codename": "delete_category",
      "name": "Can delete category",
      "content_type": 12
    }
  },
  {
    "pk": 52,
    "model": "auth.permission",
    "fields": {
      "codename": "add_icon",
      "name": "Can add icon",
      "content_type": 18
    }
  },
  {
    "pk": 53,
    "model": "auth.permission",
    "fields": {
      "codename": "change_icon",
      "name": "Can change icon",
      "content_type": 18
    }
  },
  {
    "pk": 54,
    "model": "auth.permission",
    "fields": {
      "codename": "delete_icon",
      "name": "Can delete icon",
      "content_type": 18
    }
  },
  {
    "pk": 31,
    "model": "auth.permission",
    "fields": {
      "codename": "add_sensor",
      "name": "Can add sensor",
      "content_type": 11
    }
  },
  {
    "pk": 32,
    "model": "auth.permission",
    "fields": {
      "codename": "change_sensor",
      "name": "Can change sensor",
      "content_type": 11
    }
  },
  {
    "pk": 33,
    "model": "auth.permission",
    "fields": {
      "codename": "delete_sensor",
      "name": "Can delete sensor",
      "content_type": 11
    }
  },
  {
    "pk": 28,
    "model": "auth.permission",
    "fields": {
      "codename": "add_technology",
      "name": "Can add technology",
      "content_type": 10
    }
  },
  {
    "pk": 29,
    "model": "auth.permission",
    "fields": {
      "codename": "change_technology",
      "name": "Can change technology",
      "content_type": 10
    }
  },
  {
    "pk": 30,
    "model": "auth.permission",
    "fields": {
      "codename": "delete_technology",
      "name": "Can delete technology",
      "content_type": 10
    }
  },
  {
    "pk": 70,
    "model": "auth.permission",
    "fields": {
      "codename": "add_feedback_serprov",
      "name": "Can add feedback_serprov",
      "content_type": 24
    }
  },
  {
    "pk": 71,
    "model": "auth.permission",
    "fields": {
      "codename": "change_feedback_serprov",
      "name": "Can change feedback_serprov",
      "content_type": 24
    }
  },
  {
    "pk": 72,
    "model": "auth.permission",
    "fields": {
      "codename": "delete_feedback_serprov",
      "name": "Can delete feedback_serprov",
      "content_type": 24
    }
  },
  {
    "pk": 67,
    "model": "auth.permission",
    "fields": {
      "codename": "add_intervention",
      "name": "Can add intervention",
      "content_type": 23
    }
  },
  {
    "pk": 68,
    "model": "auth.permission",
    "fields": {
      "codename": "change_intervention",
      "name": "Can change intervention",
      "content_type": 23
    }
  },
  {
    "pk": 69,
    "model": "auth.permission",
    "fields": {
      "codename": "delete_intervention",
      "name": "Can delete intervention",
      "content_type": 23
    }
  },
  {
    "pk": 64,
    "model": "auth.permission",
    "fields": {
      "codename": "add_serprov",
      "name": "Can add serprov",
      "content_type": 22
    }
  },
  {
    "pk": 65,
    "model": "auth.permission",
    "fields": {
      "codename": "change_serprov",
      "name": "Can change serprov",
      "content_type": 22
    }
  },
  {
    "pk": 66,
    "model": "auth.permission",
    "fields": {
      "codename": "delete_serprov",
      "name": "Can delete serprov",
      "content_type": 22
    }
  },
  {
    "pk": 43,
    "model": "auth.permission",
    "fields": {
      "codename": "add_exampleservice",
      "name": "Can add example service",
      "content_type": 15
    }
  },
  {
    "pk": 44,
    "model": "auth.permission",
    "fields": {
      "codename": "change_exampleservice",
      "name": "Can change example service",
      "content_type": 15
    }
  },
  {
    "pk": 45,
    "model": "auth.permission",
    "fields": {
      "codename": "delete_exampleservice",
      "name": "Can delete example service",
      "content_type": 15
    }
  },
  {
    "pk": 49,
    "model": "auth.permission",
    "fields": {
      "codename": "add_package",
      "name": "Can add package",
      "content_type": 17
    }
  },
  {
    "pk": 50,
    "model": "auth.permission",
    "fields": {
      "codename": "change_package",
      "name": "Can change package",
      "content_type": 17
    }
  },
  {
    "pk": 51,
    "model": "auth.permission",
    "fields": {
      "codename": "delete_package",
      "name": "Can delete package",
      "content_type": 17
    }
  },
  {
    "pk": 13,
    "model": "auth.permission",
    "fields": {
      "codename": "add_session",
      "name": "Can add session",
      "content_type": 5
    }
  },
  {
    "pk": 14,
    "model": "auth.permission",
    "fields": {
      "codename": "change_session",
      "name": "Can change session",
      "content_type": 5
    }
  },
  {
    "pk": 15,
    "model": "auth.permission",
    "fields": {
      "codename": "delete_session",
      "name": "Can delete session",
      "content_type": 5
    }
  },
  {
    "pk": 16,
    "model": "auth.permission",
    "fields": {
      "codename": "add_site",
      "name": "Can add site",
      "content_type": 6
    }
  },
  {
    "pk": 17,
    "model": "auth.permission",
    "fields": {
      "codename": "change_site",
      "name": "Can change site",
      "content_type": 6
    }
  },
  {
    "pk": 18,
    "model": "auth.permission",
    "fields": {
      "codename": "delete_site",
      "name": "Can delete site",
      "content_type": 6
    }
  },
  {
    "pk": 25,
    "model": "auth.permission",
    "fields": {
      "codename": "add_migrationhistory",
      "name": "Can add migration history",
      "content_type": 9
    }
  },
  {
    "pk": 26,
    "model": "auth.permission",
    "fields": {
      "codename": "change_migrationhistory",
      "name": "Can change migration history",
      "content_type": 9
    }
  },
  {
    "pk": 27,
    "model": "auth.permission",
    "fields": {
      "codename": "delete_migrationhistory",
      "name": "Can delete migration history",
      "content_type": 9
    }
  },
  {
    "pk": 2,
    "model": "auth.user",
    "fields": {
      "username": "me310",
      "first_name": "",
      "last_name": "",
      "is_active": true,
      "is_superuser": false,
      "is_staff": true,
      "last_login": "2013-06-03T16:18:26.070Z",
      "groups": [],
      "user_permissions": [
        40,
        41,
        42,
        46,
        47,
        48,
        34,
        35,
        36,
        52,
        53,
        54,
        31,
        32,
        33,
        28,
        29,
        30,
        43,
        44,
        45,
        49,
        50,
        51
      ],
      "password": "pbkdf2_sha256$10000$cigkWTu0CaUH$iqA1OLrF5UBXCZa0IpYQ7emIIGJRFm9xLmbdDYpJdeM=",
      "email": "",
      "date_joined": "2013-05-24T23:20:40Z"
    }
  },
  {
    "pk": 1,
    "model": "auth.user",
    "fields": {
      "username": "efm",
      "first_name": "",
      "last_name": "",
      "is_active": true,
      "is_superuser": true,
      "is_staff": true,
      "last_login": "2013-06-03T17:01:30.023Z",
      "groups": [],
      "user_permissions": [],
      "password": "pbkdf2_sha256$10000$gLaw4KUDMs4k$ctptrNEx/LV+I5kOUwjeg3MksKYwNqggkcEsArJis8A=",
      "email": "",
      "date_joined": "2013-05-24T23:19:34.319Z"
    }
  },
  {
    "pk": 165,
    "model": "admin.logentry",
    "fields": {
      "action_flag": 2,
      "action_time": "2013-06-02T18:42:39.660Z",
      "object_repr": "me310",
      "object_id": "2",
      "change_message": "Changed password and user_permissions.",
      "user": 1,
      "content_type": 3
    }
  },
  {
    "pk": 164,
    "model": "admin.logentry",
    "fields": {
      "action_flag": 2,
      "action_time": "2013-06-02T15:46:53.563Z",
      "object_repr": "Switcher",
      "object_id": "8",
      "change_message": "Changed picture.",
      "user": 1,
      "content_type": 11
    }
  },
  {
    "pk": 163,
    "model": "admin.logentry",
    "fields": {
      "action_flag": 2,
      "action_time": "2013-06-02T15:46:43.015Z",
      "object_repr": "Switcher",
      "object_id": "7",
      "change_message": "Changed picture.",
      "user": 1,
      "content_type": 11
    }
  },
  {
    "pk": 162,
    "model": "admin.logentry",
    "fields": {
      "action_flag": 2,
      "action_time": "2013-06-02T15:46:32.262Z",
      "object_repr": "Switcher",
      "object_id": "6",
      "change_message": "Changed picture.",
      "user": 1,
      "content_type": 11
    }
  },
  {
    "pk": 161,
    "model": "admin.logentry",
    "fields": {
      "action_flag": 2,
      "action_time": "2013-06-02T15:43:35.312Z",
      "object_repr": "Water detector",
      "object_id": "5",
      "change_message": "Changed picture.",
      "user": 1,
      "content_type": 11
    }
  },
  {
    "pk": 160,
    "model": "admin.logentry",
    "fields": {
      "action_flag": 2,
      "action_time": "2013-06-02T15:40:09.894Z",
      "object_repr": "Lampswitch",
      "object_id": "4",
      "change_message": "Changed picture.",
      "user": 1,
      "content_type": 11
    }
  },
  {
    "pk": 159,
    "model": "admin.logentry",
    "fields": {
      "action_flag": 2,
      "action_time": "2013-06-02T15:37:41.819Z",
      "object_repr": "Multi Switch",
      "object_id": "3",
      "change_message": "Changed picture.",
      "user": 1,
      "content_type": 11
    }
  },
  {
    "pk": 158,
    "model": "admin.logentry",
    "fields": {
      "action_flag": 2,
      "action_time": "2013-06-02T15:36:10.684Z",
      "object_repr": "Temperature sensor",
      "object_id": "2",
      "change_message": "Changed picture.",
      "user": 1,
      "content_type": 11
    }
  },
  {
    "pk": 157,
    "model": "admin.logentry",
    "fields": {
      "action_flag": 2,
      "action_time": "2013-06-02T15:29:15.032Z",
      "object_repr": "Roomba",
      "object_id": "5",
      "change_message": "Changed logo.",
      "user": 1,
      "content_type": 15
    }
  },
  {
    "pk": 156,
    "model": "admin.logentry",
    "fields": {
      "action_flag": 2,
      "action_time": "2013-06-02T15:29:01.926Z",
      "object_repr": "Shared Devices",
      "object_id": "4",
      "change_message": "Changed logo.",
      "user": 1,
      "content_type": 15
    }
  },
  {
    "pk": 155,
    "model": "admin.logentry",
    "fields": {
      "action_flag": 2,
      "action_time": "2013-06-02T15:28:47.078Z",
      "object_repr": "Gas Detector",
      "object_id": "3",
      "change_message": "Changed logo.",
      "user": 1,
      "content_type": 15
    }
  },
  {
    "pk": 154,
    "model": "admin.logentry",
    "fields": {
      "action_flag": 2,
      "action_time": "2013-06-02T15:28:30.488Z",
      "object_repr": "Gas Detector",
      "object_id": "3",
      "change_message": "Changed logo.",
      "user": 1,
      "content_type": 15
    }
  },
  {
    "pk": 153,
    "model": "admin.logentry",
    "fields": {
      "action_flag": 2,
      "action_time": "2013-06-02T15:28:16.562Z",
      "object_repr": "Energy Account",
      "object_id": "2",
      "change_message": "Changed logo.",
      "user": 1,
      "content_type": 15
    }
  },
  {
    "pk": 152,
    "model": "admin.logentry",
    "fields": {
      "action_flag": 2,
      "action_time": "2013-06-02T15:28:01.040Z",
      "object_repr": "Provider Finder",
      "object_id": "1",
      "change_message": "Changed logo.",
      "user": 1,
      "content_type": 15
    }
  },
  {
    "pk": 151,
    "model": "admin.logentry",
    "fields": {
      "action_flag": 2,
      "action_time": "2013-06-02T15:24:56.571Z",
      "object_repr": "Webcam",
      "object_id": "1",
      "change_message": "Changed picture.",
      "user": 1,
      "content_type": 11
    }
  },
  {
    "pk": 150,
    "model": "admin.logentry",
    "fields": {
      "action_flag": 2,
      "action_time": "2013-06-02T15:13:05.799Z",
      "object_repr": "Webcam",
      "object_id": "1",
      "change_message": "Changed picture_url.",
      "user": 1,
      "content_type": 11
    }
  },
  {
    "pk": 149,
    "model": "admin.logentry",
    "fields": {
      "action_flag": 2,
      "action_time": "2013-06-02T15:11:18.072Z",
      "object_repr": "Webcam",
      "object_id": "1",
      "change_message": "Changed picture_url.",
      "user": 1,
      "content_type": 11
    }
  },
  {
    "pk": 148,
    "model": "admin.logentry",
    "fields": {
      "action_flag": 2,
      "action_time": "2013-06-02T15:02:07.662Z",
      "object_repr": "433.92 MHz",
      "object_id": "7",
      "change_message": "Changed name.",
      "user": 1,
      "content_type": 10
    }
  },
  {
    "pk": 147,
    "model": "admin.logentry",
    "fields": {
      "action_flag": 2,
      "action_time": "2013-06-02T14:30:35.580Z",
      "object_repr": "Roomba",
      "object_id": "5",
      "change_message": "Changed logo_url.",
      "user": 1,
      "content_type": 15
    }
  },
  {
    "pk": 146,
    "model": "admin.logentry",
    "fields": {
      "action_flag": 2,
      "action_time": "2013-06-02T14:28:38.124Z",
      "object_repr": "Roomba",
      "object_id": "5",
      "change_message": "Changed logo_url.",
      "user": 1,
      "content_type": 15
    }
  },
  {
    "pk": 145,
    "model": "admin.logentry",
    "fields": {
      "action_flag": 2,
      "action_time": "2013-06-02T14:26:15.275Z",
      "object_repr": "Shared Devices",
      "object_id": "4",
      "change_message": "Changed logo_url.",
      "user": 1,
      "content_type": 15
    }
  },
  {
    "pk": 144,
    "model": "admin.logentry",
    "fields": {
      "action_flag": 2,
      "action_time": "2013-06-02T14:25:58.583Z",
      "object_repr": "Gas Detector",
      "object_id": "3",
      "change_message": "Changed logo_url.",
      "user": 1,
      "content_type": 15
    }
  },
  {
    "pk": 143,
    "model": "admin.logentry",
    "fields": {
      "action_flag": 2,
      "action_time": "2013-06-02T14:25:42.486Z",
      "object_repr": "Energy Account",
      "object_id": "2",
      "change_message": "Changed logo_url.",
      "user": 1,
      "content_type": 15
    }
  },
  {
    "pk": 142,
    "model": "admin.logentry",
    "fields": {
      "action_flag": 2,
      "action_time": "2013-06-02T14:24:19.356Z",
      "object_repr": "Provider Finder",
      "object_id": "1",
      "change_message": "No fields changed.",
      "user": 1,
      "content_type": 15
    }
  },
  {
    "pk": 141,
    "model": "admin.logentry",
    "fields": {
      "action_flag": 2,
      "action_time": "2013-06-02T14:22:30.400Z",
      "object_repr": "Provider Finder",
      "object_id": "1",
      "change_message": "Changed logo_url.",
      "user": 1,
      "content_type": 15
    }
  },
  {
    "pk": 140,
    "model": "admin.logentry",
    "fields": {
      "action_flag": 2,
      "action_time": "2013-05-31T20:39:04.014Z",
      "object_repr": "Eletronics",
      "object_id": "49",
      "change_message": "Changed installed.",
      "user": 1,
      "content_type": 14
    }
  },
  {
    "pk": 139,
    "model": "admin.logentry",
    "fields": {
      "action_flag": 2,
      "action_time": "2013-05-31T20:23:06.921Z",
      "object_repr": "433.5 MHz",
      "object_id": "7",
      "change_message": "Changed name.",
      "user": 1,
      "content_type": 10
    }
  },
  {
    "pk": 138,
    "model": "admin.logentry",
    "fields": {
      "action_flag": 3,
      "action_time": "2013-05-31T19:54:00.601Z",
      "object_repr": "Temperature",
      "object_id": "24",
      "change_message": "",
      "user": 1,
      "content_type": 14
    }
  },
  {
    "pk": 137,
    "model": "admin.logentry",
    "fields": {
      "action_flag": 3,
      "action_time": "2013-05-31T19:54:00.294Z",
      "object_repr": "My device",
      "object_id": "25",
      "change_message": "",
      "user": 1,
      "content_type": 14
    }
  },
  {
    "pk": 136,
    "model": "admin.logentry",
    "fields": {
      "action_flag": 3,
      "action_time": "2013-05-31T19:54:00.027Z",
      "object_repr": "Lamp control",
      "object_id": "26",
      "change_message": "",
      "user": 1,
      "content_type": 14
    }
  },
  {
    "pk": 135,
    "model": "admin.logentry",
    "fields": {
      "action_flag": 3,
      "action_time": "2013-05-31T19:53:59.782Z",
      "object_repr": "Lights for WC",
      "object_id": "27",
      "change_message": "",
      "user": 1,
      "content_type": 14
    }
  },
  {
    "pk": 134,
    "model": "admin.logentry",
    "fields": {
      "action_flag": 3,
      "action_time": "2013-05-31T19:53:59.475Z",
      "object_repr": "Lights for WC",
      "object_id": "28",
      "change_message": "",
      "user": 1,
      "content_type": 14
    }
  },
  {
    "pk": 133,
    "model": "admin.logentry",
    "fields": {
      "action_flag": 3,
      "action_time": "2013-05-31T19:53:59.065Z",
      "object_repr": "Lamp Puuhamaa",
      "object_id": "29",
      "change_message": "",
      "user": 1,
      "content_type": 14
    }
  },
  {
    "pk": 132,
    "model": "admin.logentry",
    "fields": {
      "action_flag": 3,
      "action_time": "2013-05-31T19:53:58.758Z",
      "object_repr": "aqwasa",
      "object_id": "30",
      "change_message": "",
      "user": 1,
      "content_type": 14
    }
  },
  {
    "pk": 131,
    "model": "admin.logentry",
    "fields": {
      "action_flag": 3,
      "action_time": "2013-05-31T19:53:58.451Z",
      "object_repr": "sadksjd",
      "object_id": "31",
      "change_message": "",
      "user": 1,
      "content_type": 14
    }
  },
  {
    "pk": 130,
    "model": "admin.logentry",
    "fields": {
      "action_flag": 3,
      "action_time": "2013-05-31T19:53:58.246Z",
      "object_repr": "Water sensor",
      "object_id": "32",
      "change_message": "",
      "user": 1,
      "content_type": 14
    }
  },
  {
    "pk": 129,
    "model": "admin.logentry",
    "fields": {
      "action_flag": 3,
      "action_time": "2013-05-31T19:53:57.939Z",
      "object_repr": "<szdxsd",
      "object_id": "33",
      "change_message": "",
      "user": 1,
      "content_type": 14
    }
  },
  {
    "pk": 128,
    "model": "admin.logentry",
    "fields": {
      "action_flag": 3,
      "action_time": "2013-05-31T19:53:57.734Z",
      "object_repr": "Corner lamp",
      "object_id": "34",
      "change_message": "",
      "user": 1,
      "content_type": 14
    }
  },
  {
    "pk": 127,
    "model": "admin.logentry",
    "fields": {
      "action_flag": 3,
      "action_time": "2013-05-31T19:53:57.451Z",
      "object_repr": "red lamp",
      "object_id": "35",
      "change_message": "",
      "user": 1,
      "content_type": 14
    }
  },
  {
    "pk": 126,
    "model": "admin.logentry",
    "fields": {
      "action_flag": 3,
      "action_time": "2013-05-31T19:53:57.263Z",
      "object_repr": "Punainen lyhty",
      "object_id": "36",
      "change_message": "",
      "user": 1,
      "content_type": 14
    }
  },
  {
    "pk": 125,
    "model": "admin.logentry",
    "fields": {
      "action_flag": 3,
      "action_time": "2013-05-31T19:53:57.007Z",
      "object_repr": "lamppu",
      "object_id": "37",
      "change_message": "",
      "user": 1,
      "content_type": 14
    }
  },
  {
    "pk": 124,
    "model": "admin.logentry",
    "fields": {
      "action_flag": 3,
      "action_time": "2013-05-31T19:53:56.710Z",
      "object_repr": "red light",
      "object_id": "38",
      "change_message": "",
      "user": 1,
      "content_type": 14
    }
  },
  {
    "pk": 123,
    "model": "admin.logentry",
    "fields": {
      "action_flag": 3,
      "action_time": "2013-05-31T19:53:56.402Z",
      "object_repr": "Mummin l\u00e4\u00e4kekaa",
      "object_id": "39",
      "change_message": "",
      "user": 1,
      "content_type": 14
    }
  },
  {
    "pk": 122,
    "model": "admin.logentry",
    "fields": {
      "action_flag": 3,
      "action_time": "2013-05-31T19:53:56.095Z",
      "object_repr": "Water detector",
      "object_id": "40",
      "change_message": "",
      "user": 1,
      "content_type": 14
    }
  },
  {
    "pk": 121,
    "model": "admin.logentry",
    "fields": {
      "action_flag": 3,
      "action_time": "2013-05-31T19:53:55.787Z",
      "object_repr": "Tuuletin",
      "object_id": "41",
      "change_message": "",
      "user": 1,
      "content_type": 14
    }
  },
  {
    "pk": 120,
    "model": "admin.logentry",
    "fields": {
      "action_flag": 3,
      "action_time": "2013-05-31T19:53:55.480Z",
      "object_repr": "lkjfdsfds",
      "object_id": "42",
      "change_message": "",
      "user": 1,
      "content_type": 14
    }
  },
  {
    "pk": 119,
    "model": "admin.logentry",
    "fields": {
      "action_flag": 3,
      "action_time": "2013-05-31T19:53:55.173Z",
      "object_repr": "red lamp",
      "object_id": "43",
      "change_message": "",
      "user": 1,
      "content_type": 14
    }
  },
  {
    "pk": 118,
    "model": "admin.logentry",
    "fields": {
      "action_flag": 3,
      "action_time": "2013-05-31T19:53:54.866Z",
      "object_repr": "Red lamp",
      "object_id": "44",
      "change_message": "",
      "user": 1,
      "content_type": 14
    }
  },
  {
    "pk": 117,
    "model": "admin.logentry",
    "fields": {
      "action_flag": 3,
      "action_time": "2013-05-31T19:53:54.559Z",
      "object_repr": "Temp",
      "object_id": "45",
      "change_message": "",
      "user": 1,
      "content_type": 14
    }
  },
  {
    "pk": 116,
    "model": "admin.logentry",
    "fields": {
      "action_flag": 3,
      "action_time": "2013-05-31T19:53:54.252Z",
      "object_repr": "Webca",
      "object_id": "46",
      "change_message": "",
      "user": 1,
      "content_type": 14
    }
  },
  {
    "pk": 115,
    "model": "admin.logentry",
    "fields": {
      "action_flag": 3,
      "action_time": "2013-05-31T19:53:54.048Z",
      "object_repr": "Security Camera",
      "object_id": "22",
      "change_message": "",
      "user": 1,
      "content_type": 14
    }
  },
  {
    "pk": 114,
    "model": "admin.logentry",
    "fields": {
      "action_flag": 3,
      "action_time": "2013-05-29T15:19:24.469Z",
      "object_repr": "Plumbing",
      "object_id": "6",
      "change_message": "",
      "user": 1,
      "content_type": 15
    }
  },
  {
    "pk": 113,
    "model": "admin.logentry",
    "fields": {
      "action_flag": 2,
      "action_time": "2013-05-29T15:19:06.919Z",
      "object_repr": "Roomba",
      "object_id": "5",
      "change_message": "No fields changed.",
      "user": 1,
      "content_type": 15
    }
  },
  {
    "pk": 112,
    "model": "admin.logentry",
    "fields": {
      "action_flag": 2,
      "action_time": "2013-05-29T15:18:49.681Z",
      "object_repr": "Shared Devices",
      "object_id": "4",
      "change_message": "Changed service_description and additional_description.",
      "user": 1,
      "content_type": 15
    }
  },
  {
    "pk": 111,
    "model": "admin.logentry",
    "fields": {
      "action_flag": 2,
      "action_time": "2013-05-29T15:16:13.743Z",
      "object_repr": "Gas Detector",
      "object_id": "3",
      "change_message": "Changed service_description and additional_description.",
      "user": 1,
      "content_type": 15
    }
  },
  {
    "pk": 110,
    "model": "admin.logentry",
    "fields": {
      "action_flag": 2,
      "action_time": "2013-05-29T15:12:50.895Z",
      "object_repr": "Energy Account",
      "object_id": "2",
      "change_message": "Changed service_description and additional_description.",
      "user": 1,
      "content_type": 15
    }
  },
  {
    "pk": 109,
    "model": "admin.logentry",
    "fields": {
      "action_flag": 2,
      "action_time": "2013-05-29T15:09:46.659Z",
      "object_repr": "Provider Finder",
      "object_id": "1",
      "change_message": "Changed service_description and additional_description.",
      "user": 1,
      "content_type": 15
    }
  },
  {
    "pk": 108,
    "model": "admin.logentry",
    "fields": {
      "action_flag": 1,
      "action_time": "2013-05-29T15:06:55.152Z",
      "object_repr": "Advanced",
      "object_id": "2",
      "change_message": "",
      "user": 1,
      "content_type": 17
    }
  },
  {
    "pk": 107,
    "model": "admin.logentry",
    "fields": {
      "action_flag": 2,
      "action_time": "2013-05-29T15:06:24.545Z",
      "object_repr": "Starter",
      "object_id": "1",
      "change_message": "No fields changed.",
      "user": 1,
      "content_type": 17
    }
  },
  {
    "pk": 106,
    "model": "admin.logentry",
    "fields": {
      "action_flag": 2,
      "action_time": "2013-05-29T07:27:15.254Z",
      "object_repr": "Water detector",
      "object_id": "5",
      "change_message": "No fields changed.",
      "user": 1,
      "content_type": 11
    }
  },
  {
    "pk": 105,
    "model": "admin.logentry",
    "fields": {
      "action_flag": 2,
      "action_time": "2013-05-29T07:25:08.937Z",
      "object_repr": "Lampswitch",
      "object_id": "4",
      "change_message": "Changed picture_url.",
      "user": 1,
      "content_type": 11
    }
  },
  {
    "pk": 104,
    "model": "admin.logentry",
    "fields": {
      "action_flag": 2,
      "action_time": "2013-05-29T07:16:58.028Z",
      "object_repr": "Multi Switch",
      "object_id": "3",
      "change_message": "No fields changed.",
      "user": 1,
      "content_type": 11
    }
  },
  {
    "pk": 103,
    "model": "admin.logentry",
    "fields": {
      "action_flag": 1,
      "action_time": "2013-05-29T06:56:52.789Z",
      "object_repr": "Starter",
      "object_id": "1",
      "change_message": "",
      "user": 1,
      "content_type": 17
    }
  },
  {
    "pk": 102,
    "model": "admin.logentry",
    "fields": {
      "action_flag": 1,
      "action_time": "2013-05-28T23:22:48.556Z",
      "object_repr": "Switcher",
      "object_id": "8",
      "change_message": "",
      "user": 1,
      "content_type": 11
    }
  },
  {
    "pk": 101,
    "model": "admin.logentry",
    "fields": {
      "action_flag": 1,
      "action_time": "2013-05-28T23:22:09.700Z",
      "object_repr": "Switcher",
      "object_id": "7",
      "change_message": "",
      "user": 1,
      "content_type": 11
    }
  },
  {
    "pk": 100,
    "model": "admin.logentry",
    "fields": {
      "action_flag": 2,
      "action_time": "2013-05-28T23:21:24.198Z",
      "object_repr": "Switcher",
      "object_id": "6",
      "change_message": "No fields changed.",
      "user": 1,
      "content_type": 11
    }
  },
  {
    "pk": 99,
    "model": "admin.logentry",
    "fields": {
      "action_flag": 2,
      "action_time": "2013-05-28T23:21:16.222Z",
      "object_repr": "Switcher",
      "object_id": "6",
      "change_message": "No fields changed.",
      "user": 1,
      "content_type": 11
    }
  },
  {
    "pk": 98,
    "model": "admin.logentry",
    "fields": {
      "action_flag": 1,
      "action_time": "2013-05-28T23:20:56.586Z",
      "object_repr": "Switcher",
      "object_id": "6",
      "change_message": "",
      "user": 1,
      "content_type": 11
    }
  },
  {
    "pk": 97,
    "model": "admin.logentry",
    "fields": {
      "action_flag": 1,
      "action_time": "2013-05-28T23:20:45.313Z",
      "object_repr": "Nexa",
      "object_id": "4",
      "change_message": "",
      "user": 1,
      "content_type": 16
    }
  },
  {
    "pk": 96,
    "model": "admin.logentry",
    "fields": {
      "action_flag": 2,
      "action_time": "2013-05-28T23:17:02.312Z",
      "object_repr": "Water detector",
      "object_id": "5",
      "change_message": "Changed code, brand and technology.",
      "user": 1,
      "content_type": 11
    }
  },
  {
    "pk": 95,
    "model": "admin.logentry",
    "fields": {
      "action_flag": 2,
      "action_time": "2013-05-28T23:16:36.508Z",
      "object_repr": "Lampswitch",
      "object_id": "4",
      "change_message": "Changed label, code, lead, brand and technology.",
      "user": 1,
      "content_type": 11
    }
  },
  {
    "pk": 94,
    "model": "admin.logentry",
    "fields": {
      "action_flag": 2,
      "action_time": "2013-05-28T23:15:19.007Z",
      "object_repr": "Multi Switch",
      "object_id": "3",
      "change_message": "Changed label, code, lead, brand and technology.",
      "user": 1,
      "content_type": 11
    }
  },
  {
    "pk": 93,
    "model": "admin.logentry",
    "fields": {
      "action_flag": 2,
      "action_time": "2013-05-28T22:59:45.857Z",
      "object_repr": "Temperature sensor",
      "object_id": "2",
      "change_message": "Changed code, picture_url, brand and technology.",
      "user": 1,
      "content_type": 11
    }
  },
  {
    "pk": 92,
    "model": "admin.logentry",
    "fields": {
      "action_flag": 2,
      "action_time": "2013-05-28T21:43:39.129Z",
      "object_repr": "Everspring",
      "object_id": "1",
      "change_message": "No fields changed.",
      "user": 1,
      "content_type": 16
    }
  },
  {
    "pk": 91,
    "model": "admin.logentry",
    "fields": {
      "action_flag": 2,
      "action_time": "2013-05-28T21:43:01.527Z",
      "object_repr": "Webcam",
      "object_id": "1",
      "change_message": "No fields changed.",
      "user": 1,
      "content_type": 11
    }
  },
  {
    "pk": 90,
    "model": "admin.logentry",
    "fields": {
      "action_flag": 2,
      "action_time": "2013-05-28T21:42:50.666Z",
      "object_repr": "Webcam",
      "object_id": "1",
      "change_message": "Changed code, picture_url, brand, technology and price.",
      "user": 1,
      "content_type": 11
    }
  },
  {
    "pk": 89,
    "model": "admin.logentry",
    "fields": {
      "action_flag": 2,
      "action_time": "2013-05-28T21:39:39.105Z",
      "object_repr": "Water detector",
      "object_id": "5",
      "change_message": "Changed code.",
      "user": 1,
      "content_type": 11
    }
  },
  {
    "pk": 88,
    "model": "admin.logentry",
    "fields": {
      "action_flag": 2,
      "action_time": "2013-05-28T21:07:43.404Z",
      "object_repr": "Security Camera",
      "object_id": "22",
      "change_message": "No fields changed.",
      "user": 1,
      "content_type": 14
    }
  },
  {
    "pk": 87,
    "model": "admin.logentry",
    "fields": {
      "action_flag": 3,
      "action_time": "2013-05-28T20:42:36.410Z",
      "object_repr": "Security Camera",
      "object_id": "23",
      "change_message": "",
      "user": 1,
      "content_type": 14
    }
  },
  {
    "pk": 86,
    "model": "admin.logentry",
    "fields": {
      "action_flag": 3,
      "action_time": "2013-05-28T18:43:24.563Z",
      "object_repr": "kaffe",
      "object_id": "18",
      "change_message": "",
      "user": 1,
      "content_type": 14
    }
  },
  {
    "pk": 85,
    "model": "admin.logentry",
    "fields": {
      "action_flag": 3,
      "action_time": "2013-05-28T18:43:24.250Z",
      "object_repr": "test cam",
      "object_id": "19",
      "change_message": "",
      "user": 1,
      "content_type": 14
    }
  },
  {
    "pk": 84,
    "model": "admin.logentry",
    "fields": {
      "action_flag": 3,
      "action_time": "2013-05-28T18:43:24.041Z",
      "object_repr": "Test App",
      "object_id": "10",
      "change_message": "",
      "user": 1,
      "content_type": 14
    }
  },
  {
    "pk": 83,
    "model": "admin.logentry",
    "fields": {
      "action_flag": 3,
      "action_time": "2013-05-28T18:43:23.728Z",
      "object_repr": "Karvajalkalampp",
      "object_id": "14",
      "change_message": "",
      "user": 1,
      "content_type": 14
    }
  },
  {
    "pk": 82,
    "model": "admin.logentry",
    "fields": {
      "action_flag": 3,
      "action_time": "2013-05-28T18:43:23.416Z",
      "object_repr": "Webcam",
      "object_id": "2",
      "change_message": "",
      "user": 1,
      "content_type": 14
    }
  },
  {
    "pk": 81,
    "model": "admin.logentry",
    "fields": {
      "action_flag": 3,
      "action_time": "2013-05-28T18:43:22.986Z",
      "object_repr": "Temperature",
      "object_id": "3",
      "change_message": "",
      "user": 1,
      "content_type": 14
    }
  },
  {
    "pk": 80,
    "model": "admin.logentry",
    "fields": {
      "action_flag": 3,
      "action_time": "2013-05-28T18:43:22.675Z",
      "object_repr": "Electricity",
      "object_id": "4",
      "change_message": "",
      "user": 1,
      "content_type": 14
    }
  },
  {
    "pk": 79,
    "model": "admin.logentry",
    "fields": {
      "action_flag": 3,
      "action_time": "2013-05-28T18:43:22.372Z",
      "object_repr": "Mun Appi",
      "object_id": "5",
      "change_message": "",
      "user": 1,
      "content_type": 14
    }
  },
  {
    "pk": 78,
    "model": "admin.logentry",
    "fields": {
      "action_flag": 3,
      "action_time": "2013-05-28T18:42:34.637Z",
      "object_repr": "Jina's Swicther",
      "object_id": "17",
      "change_message": "",
      "user": 1,
      "content_type": 14
    }
  },
  {
    "pk": 77,
    "model": "admin.logentry",
    "fields": {
      "action_flag": 3,
      "action_time": "2013-05-28T18:42:34.323Z",
      "object_repr": "aasa",
      "object_id": "20",
      "change_message": "",
      "user": 1,
      "content_type": 14
    }
  },
  {
    "pk": 76,
    "model": "admin.logentry",
    "fields": {
      "action_flag": 3,
      "action_time": "2013-05-28T18:42:34.115Z",
      "object_repr": "qswqwq",
      "object_id": "21",
      "change_message": "",
      "user": 1,
      "content_type": 14
    }
  },
  {
    "pk": 75,
    "model": "admin.logentry",
    "fields": {
      "action_flag": 2,
      "action_time": "2013-05-28T18:37:48.647Z",
      "object_repr": "Temperature",
      "object_id": "3",
      "change_message": "Changed installed.",
      "user": 1,
      "content_type": 14
    }
  },
  {
    "pk": 74,
    "model": "admin.logentry",
    "fields": {
      "action_flag": 1,
      "action_time": "2013-05-28T16:56:32.848Z",
      "object_repr": "test2",
      "object_id": "2",
      "change_message": "",
      "user": 1,
      "content_type": 18
    }
  },
  {
    "pk": 73,
    "model": "admin.logentry",
    "fields": {
      "action_flag": 1,
      "action_time": "2013-05-28T16:56:24.175Z",
      "object_repr": "test1",
      "object_id": "1",
      "change_message": "",
      "user": 1,
      "content_type": 18
    }
  },
  {
    "pk": 72,
    "model": "admin.logentry",
    "fields": {
      "action_flag": 2,
      "action_time": "2013-05-28T16:05:21.523Z",
      "object_repr": "Plumbing",
      "object_id": "6",
      "change_message": "Changed logo_url.",
      "user": 2,
      "content_type": 15
    }
  },
  {
    "pk": 71,
    "model": "admin.logentry",
    "fields": {
      "action_flag": 2,
      "action_time": "2013-05-28T16:04:16.270Z",
      "object_repr": "Plumbing",
      "object_id": "6",
      "change_message": "Changed logo_url.",
      "user": 2,
      "content_type": 15
    }
  },
  {
    "pk": 70,
    "model": "admin.logentry",
    "fields": {
      "action_flag": 2,
      "action_time": "2013-05-28T16:02:42.278Z",
      "object_repr": "Plumbing",
      "object_id": "6",
      "change_message": "Changed logo_url.",
      "user": 2,
      "content_type": 15
    }
  },
  {
    "pk": 69,
    "model": "admin.logentry",
    "fields": {
      "action_flag": 2,
      "action_time": "2013-05-28T16:01:22.991Z",
      "object_repr": "Plumbing",
      "object_id": "6",
      "change_message": "No fields changed.",
      "user": 2,
      "content_type": 15
    }
  },
  {
    "pk": 68,
    "model": "admin.logentry",
    "fields": {
      "action_flag": 1,
      "action_time": "2013-05-28T15:59:11.111Z",
      "object_repr": "Plumbing",
      "object_id": "6",
      "change_message": "",
      "user": 2,
      "content_type": 15
    }
  },
  {
    "pk": 67,
    "model": "admin.logentry",
    "fields": {
      "action_flag": 2,
      "action_time": "2013-05-28T14:11:49.863Z",
      "object_repr": "Shared Devices",
      "object_id": "4",
      "change_message": "Changed logo_url.",
      "user": 1,
      "content_type": 15
    }
  },
  {
    "pk": 66,
    "model": "admin.logentry",
    "fields": {
      "action_flag": 2,
      "action_time": "2013-05-28T14:10:46.880Z",
      "object_repr": "Shared Devices",
      "object_id": "4",
      "change_message": "Changed logo_url.",
      "user": 1,
      "content_type": 15
    }
  },
  {
    "pk": 65,
    "model": "admin.logentry",
    "fields": {
      "action_flag": 2,
      "action_time": "2013-05-28T14:10:12.828Z",
      "object_repr": "Shared Devices",
      "object_id": "4",
      "change_message": "Changed logo_url.",
      "user": 1,
      "content_type": 15
    }
  },
  {
    "pk": 64,
    "model": "admin.logentry",
    "fields": {
      "action_flag": 2,
      "action_time": "2013-05-28T14:08:57.207Z",
      "object_repr": "Shared Devices",
      "object_id": "4",
      "change_message": "Changed logo_url.",
      "user": 1,
      "content_type": 15
    }
  },
  {
    "pk": 63,
    "model": "admin.logentry",
    "fields": {
      "action_flag": 2,
      "action_time": "2013-05-28T13:48:53.992Z",
      "object_repr": "Shared Devices",
      "object_id": "4",
      "change_message": "Changed logo_url.",
      "user": 2,
      "content_type": 15
    }
  },
  {
    "pk": 62,
    "model": "admin.logentry",
    "fields": {
      "action_flag": 2,
      "action_time": "2013-05-28T13:42:23.991Z",
      "object_repr": "Provider Finder",
      "object_id": "1",
      "change_message": "Changed logo_url.",
      "user": 2,
      "content_type": 15
    }
  },
  {
    "pk": 61,
    "model": "admin.logentry",
    "fields": {
      "action_flag": 2,
      "action_time": "2013-05-28T13:17:57.303Z",
      "object_repr": "Roomba",
      "object_id": "5",
      "change_message": "Changed logo_url.",
      "user": 2,
      "content_type": 15
    }
  },
  {
    "pk": 60,
    "model": "admin.logentry",
    "fields": {
      "action_flag": 1,
      "action_time": "2013-05-28T13:09:42.592Z",
      "object_repr": "Roomba",
      "object_id": "5",
      "change_message": "",
      "user": 2,
      "content_type": 15
    }
  },
  {
    "pk": 59,
    "model": "admin.logentry",
    "fields": {
      "action_flag": 3,
      "action_time": "2013-05-28T08:16:49.443Z",
      "object_repr": "Joni's smart",
      "object_id": "11",
      "change_message": "",
      "user": 1,
      "content_type": 14
    }
  },
  {
    "pk": 58,
    "model": "admin.logentry",
    "fields": {
      "action_flag": 3,
      "action_time": "2013-05-28T08:16:49.132Z",
      "object_repr": "sadsad",
      "object_id": "12",
      "change_message": "",
      "user": 1,
      "content_type": 14
    }
  },
  {
    "pk": 57,
    "model": "admin.logentry",
    "fields": {
      "action_flag": 3,
      "action_time": "2013-05-28T08:16:48.817Z",
      "object_repr": "Joni's lamp",
      "object_id": "13",
      "change_message": "",
      "user": 1,
      "content_type": 14
    }
  },
  {
    "pk": 56,
    "model": "admin.logentry",
    "fields": {
      "action_flag": 3,
      "action_time": "2013-05-28T08:16:48.505Z",
      "object_repr": "fdsfddf",
      "object_id": "15",
      "change_message": "",
      "user": 1,
      "content_type": 14
    }
  },
  {
    "pk": 55,
    "model": "admin.logentry",
    "fields": {
      "action_flag": 3,
      "action_time": "2013-05-28T08:16:48.234Z",
      "object_repr": "Application",
      "object_id": "16",
      "change_message": "",
      "user": 1,
      "content_type": 14
    }
  },
  {
    "pk": 54,
    "model": "admin.logentry",
    "fields": {
      "action_flag": 3,
      "action_time": "2013-05-28T08:16:48.071Z",
      "object_repr": "mun appliiiii",
      "object_id": "7",
      "change_message": "",
      "user": 1,
      "content_type": 14
    }
  },
  {
    "pk": 53,
    "model": "admin.logentry",
    "fields": {
      "action_flag": 3,
      "action_time": "2013-05-28T08:16:47.806Z",
      "object_repr": "Stuff Appliscat",
      "object_id": "8",
      "change_message": "",
      "user": 1,
      "content_type": 14
    }
  },
  {
    "pk": 52,
    "model": "admin.logentry",
    "fields": {
      "action_flag": 3,
      "action_time": "2013-05-28T08:16:47.662Z",
      "object_repr": "aksksadksd",
      "object_id": "9",
      "change_message": "",
      "user": 1,
      "content_type": 14
    }
  },
  {
    "pk": 51,
    "model": "admin.logentry",
    "fields": {
      "action_flag": 2,
      "action_time": "2013-05-28T08:13:58.252Z",
      "object_repr": "Mun Appi",
      "object_id": "5",
      "change_message": "Changed installed.",
      "user": 1,
      "content_type": 14
    }
  },
  {
    "pk": 50,
    "model": "admin.logentry",
    "fields": {
      "action_flag": 2,
      "action_time": "2013-05-27T19:33:39.028Z",
      "object_repr": "me310",
      "object_id": "2",
      "change_message": "Changed password and user_permissions.",
      "user": 1,
      "content_type": 3
    }
  },
  {
    "pk": 49,
    "model": "admin.logentry",
    "fields": {
      "action_flag": 2,
      "action_time": "2013-05-27T08:50:08.322Z",
      "object_repr": "mun appliiiii",
      "object_id": "7",
      "change_message": "No fields changed.",
      "user": 1,
      "content_type": 14
    }
  },
  {
    "pk": 48,
    "model": "admin.logentry",
    "fields": {
      "action_flag": 2,
      "action_time": "2013-05-27T08:49:40.121Z",
      "object_repr": "mun appliiiii",
      "object_id": "7",
      "change_message": "Changed installed.",
      "user": 1,
      "content_type": 14
    }
  },
  {
    "pk": 47,
    "model": "admin.logentry",
    "fields": {
      "action_flag": 2,
      "action_time": "2013-05-27T08:45:46.364Z",
      "object_repr": "Electricity",
      "object_id": "4",
      "change_message": "Changed installed.",
      "user": 1,
      "content_type": 14
    }
  },
  {
    "pk": 46,
    "model": "admin.logentry",
    "fields": {
      "action_flag": 2,
      "action_time": "2013-05-27T08:33:15.269Z",
      "object_repr": "Temperature",
      "object_id": "3",
      "change_message": "Changed installed.",
      "user": 1,
      "content_type": 14
    }
  },
  {
    "pk": 45,
    "model": "admin.logentry",
    "fields": {
      "action_flag": 1,
      "action_time": "2013-05-26T23:47:36.100Z",
      "object_repr": "Water detector",
      "object_id": "5",
      "change_message": "",
      "user": 1,
      "content_type": 11
    }
  },
  {
    "pk": 44,
    "model": "admin.logentry",
    "fields": {
      "action_flag": 1,
      "action_time": "2013-05-26T23:46:17.345Z",
      "object_repr": "Switcher",
      "object_id": "4",
      "change_message": "",
      "user": 1,
      "content_type": 11
    }
  },
  {
    "pk": 43,
    "model": "admin.logentry",
    "fields": {
      "action_flag": 1,
      "action_time": "2013-05-26T23:44:29.930Z",
      "object_repr": "Smart Switcher",
      "object_id": "3",
      "change_message": "",
      "user": 1,
      "content_type": 11
    }
  },
  {
    "pk": 42,
    "model": "admin.logentry",
    "fields": {
      "action_flag": 1,
      "action_time": "2013-05-26T23:40:50.314Z",
      "object_repr": "Temperature sensor",
      "object_id": "2",
      "change_message": "",
      "user": 1,
      "content_type": 11
    }
  },
  {
    "pk": 41,
    "model": "admin.logentry",
    "fields": {
      "action_flag": 1,
      "action_time": "2013-05-26T23:40:43.421Z",
      "object_repr": "433 n",
      "object_id": "7",
      "change_message": "",
      "user": 1,
      "content_type": 10
    }
  },
  {
    "pk": 40,
    "model": "admin.logentry",
    "fields": {
      "action_flag": 1,
      "action_time": "2013-05-26T23:37:59.123Z",
      "object_repr": "Webcam",
      "object_id": "1",
      "change_message": "",
      "user": 1,
      "content_type": 11
    }
  },
  {
    "pk": 39,
    "model": "admin.logentry",
    "fields": {
      "action_flag": 2,
      "action_time": "2013-05-26T22:48:10.104Z",
      "object_repr": "Temperature",
      "object_id": "3",
      "change_message": "Changed sensor.",
      "user": 1,
      "content_type": 14
    }
  },
  {
    "pk": 38,
    "model": "admin.logentry",
    "fields": {
      "action_flag": 2,
      "action_time": "2013-05-26T18:47:48.890Z",
      "object_repr": "Stuff Appliscat",
      "object_id": "8",
      "change_message": "Changed sensor.",
      "user": 1,
      "content_type": 14
    }
  },
  {
    "pk": 37,
    "model": "admin.logentry",
    "fields": {
      "action_flag": 2,
      "action_time": "2013-05-26T18:47:12.330Z",
      "object_repr": "Stuff Appliscat",
      "object_id": "8",
      "change_message": "Changed sensor.",
      "user": 1,
      "content_type": 14
    }
  },
  {
    "pk": 36,
    "model": "admin.logentry",
    "fields": {
      "action_flag": 2,
      "action_time": "2013-05-26T18:06:51.467Z",
      "object_repr": "mun appliiiii",
      "object_id": "7",
      "change_message": "Changed installed.",
      "user": 1,
      "content_type": 14
    }
  },
  {
    "pk": 35,
    "model": "admin.logentry",
    "fields": {
      "action_flag": 3,
      "action_time": "2013-05-26T17:05:39.626Z",
      "object_repr": "jthgfrgf",
      "object_id": "6",
      "change_message": "",
      "user": 1,
      "content_type": 14
    }
  },
  {
    "pk": 34,
    "model": "admin.logentry",
    "fields": {
      "action_flag": 2,
      "action_time": "2013-05-26T16:59:47.754Z",
      "object_repr": "jthgfrgf",
      "object_id": "6",
      "change_message": "No fields changed.",
      "user": 1,
      "content_type": 14
    }
  },
  {
    "pk": 33,
    "model": "admin.logentry",
    "fields": {
      "action_flag": 2,
      "action_time": "2013-05-26T15:00:25.765Z",
      "object_repr": "Electricity",
      "object_id": "4",
      "change_message": "Changed installed.",
      "user": 1,
      "content_type": 14
    }
  },
  {
    "pk": 32,
    "model": "admin.logentry",
    "fields": {
      "action_flag": 2,
      "action_time": "2013-05-26T14:59:14.949Z",
      "object_repr": "Webcam",
      "object_id": "2",
      "change_message": "Changed sensor and installed.",
      "user": 1,
      "content_type": 14
    }
  },
  {
    "pk": 31,
    "model": "admin.logentry",
    "fields": {
      "action_flag": 2,
      "action_time": "2013-05-26T14:59:01.371Z",
      "object_repr": "Temperature",
      "object_id": "3",
      "change_message": "Changed installed.",
      "user": 1,
      "content_type": 14
    }
  },
  {
    "pk": 30,
    "model": "admin.logentry",
    "fields": {
      "action_flag": 2,
      "action_time": "2013-05-26T14:58:58.552Z",
      "object_repr": "Temperature",
      "object_id": "3",
      "change_message": "Changed sensor.",
      "user": 1,
      "content_type": 14
    }
  },
  {
    "pk": 29,
    "model": "admin.logentry",
    "fields": {
      "action_flag": 2,
      "action_time": "2013-05-26T14:56:44.542Z",
      "object_repr": "Electricity",
      "object_id": "4",
      "change_message": "Changed sensor and installed.",
      "user": 1,
      "content_type": 14
    }
  },
  {
    "pk": 28,
    "model": "admin.logentry",
    "fields": {
      "action_flag": 2,
      "action_time": "2013-05-26T14:03:54.413Z",
      "object_repr": "Temperature",
      "object_id": "3",
      "change_message": "Changed installed.",
      "user": 1,
      "content_type": 14
    }
  },
  {
    "pk": 27,
    "model": "admin.logentry",
    "fields": {
      "action_flag": 1,
      "action_time": "2013-05-26T11:40:21.494Z",
      "object_repr": "Electricity",
      "object_id": "4",
      "change_message": "",
      "user": 1,
      "content_type": 14
    }
  },
  {
    "pk": 26,
    "model": "admin.logentry",
    "fields": {
      "action_flag": 1,
      "action_time": "2013-05-26T11:21:23.382Z",
      "object_repr": "D-Link",
      "object_id": "3",
      "change_message": "",
      "user": 1,
      "content_type": 16
    }
  },
  {
    "pk": 25,
    "model": "admin.logentry",
    "fields": {
      "action_flag": 1,
      "action_time": "2013-05-26T11:20:58.073Z",
      "object_repr": "Ninja Blocks",
      "object_id": "2",
      "change_message": "",
      "user": 1,
      "content_type": 16
    }
  },
  {
    "pk": 24,
    "model": "admin.logentry",
    "fields": {
      "action_flag": 1,
      "action_time": "2013-05-26T11:20:20.709Z",
      "object_repr": "Everspring",
      "object_id": "1",
      "change_message": "",
      "user": 1,
      "content_type": 16
    }
  },
  {
    "pk": 23,
    "model": "admin.logentry",
    "fields": {
      "action_flag": 1,
      "action_time": "2013-05-26T11:15:19.586Z",
      "object_repr": "433 MHz",
      "object_id": "6",
      "change_message": "",
      "user": 1,
      "content_type": 10
    }
  },
  {
    "pk": 22,
    "model": "admin.logentry",
    "fields": {
      "action_flag": 1,
      "action_time": "2013-05-26T11:13:27.243Z",
      "object_repr": "Z-Wave",
      "object_id": "5",
      "change_message": "",
      "user": 1,
      "content_type": 10
    }
  },
  {
    "pk": 21,
    "model": "admin.logentry",
    "fields": {
      "action_flag": 2,
      "action_time": "2013-05-26T11:12:31.211Z",
      "object_repr": "Wlan",
      "object_id": "4",
      "change_message": "No fields changed.",
      "user": 1,
      "content_type": 10
    }
  },
  {
    "pk": 20,
    "model": "admin.logentry",
    "fields": {
      "action_flag": 1,
      "action_time": "2013-05-26T11:12:21.707Z",
      "object_repr": "Wlan",
      "object_id": "4",
      "change_message": "",
      "user": 1,
      "content_type": 10
    }
  },
  {
    "pk": 19,
    "model": "admin.logentry",
    "fields": {
      "action_flag": 2,
      "action_time": "2013-05-26T10:54:02.280Z",
      "object_repr": "Temperature",
      "object_id": "3",
      "change_message": "Changed lead.",
      "user": 1,
      "content_type": 14
    }
  },
  {
    "pk": 18,
    "model": "admin.logentry",
    "fields": {
      "action_flag": 2,
      "action_time": "2013-05-26T10:53:00.550Z",
      "object_repr": "Webcam",
      "object_id": "2",
      "change_message": "Changed installed.",
      "user": 1,
      "content_type": 14
    }
  },
  {
    "pk": 17,
    "model": "admin.logentry",
    "fields": {
      "action_flag": 2,
      "action_time": "2013-05-26T10:52:48.747Z",
      "object_repr": "Temperature",
      "object_id": "3",
      "change_message": "Changed installed.",
      "user": 1,
      "content_type": 14
    }
  },
  {
    "pk": 16,
    "model": "admin.logentry",
    "fields": {
      "action_flag": 1,
      "action_time": "2013-05-26T10:52:32.037Z",
      "object_repr": "Temperature",
      "object_id": "3",
      "change_message": "",
      "user": 1,
      "content_type": 14
    }
  },
  {
    "pk": 15,
    "model": "admin.logentry",
    "fields": {
      "action_flag": 1,
      "action_time": "2013-05-26T10:25:11.415Z",
      "object_repr": "Webcam",
      "object_id": "2",
      "change_message": "",
      "user": 1,
      "content_type": 14
    }
  },
  {
    "pk": 14,
    "model": "admin.logentry",
    "fields": {
      "action_flag": 3,
      "action_time": "2013-05-26T10:22:36.472Z",
      "object_repr": "Electricity",
      "object_id": "1",
      "change_message": "",
      "user": 1,
      "content_type": 14
    }
  },
  {
    "pk": 13,
    "model": "admin.logentry",
    "fields": {
      "action_flag": 2,
      "action_time": "2013-05-26T10:17:50.382Z",
      "object_repr": "Electricity",
      "object_id": "1",
      "change_message": "Changed code.",
      "user": 1,
      "content_type": 14
    }
  },
  {
    "pk": 12,
    "model": "admin.logentry",
    "fields": {
      "action_flag": 1,
      "action_time": "2013-05-26T09:59:57.518Z",
      "object_repr": "Electricity",
      "object_id": "1",
      "change_message": "",
      "user": 1,
      "content_type": 14
    }
  },
  {
    "pk": 11,
    "model": "admin.logentry",
    "fields": {
      "action_flag": 2,
      "action_time": "2013-05-25T00:00:53.338Z",
      "object_repr": "Shared Devices",
      "object_id": "4",
      "change_message": "Changed name.",
      "user": 2,
      "content_type": 15
    }
  },
  {
    "pk": 10,
    "model": "admin.logentry",
    "fields": {
      "action_flag": 2,
      "action_time": "2013-05-24T23:59:26.338Z",
      "object_repr": "Provider Finder",
      "object_id": "1",
      "change_message": "Changed lead.",
      "user": 2,
      "content_type": 15
    }
  },
  {
    "pk": 9,
    "model": "admin.logentry",
    "fields": {
      "action_flag": 1,
      "action_time": "2013-05-24T23:58:34.428Z",
      "object_repr": "Share Device",
      "object_id": "4",
      "change_message": "",
      "user": 2,
      "content_type": 15
    }
  },
  {
    "pk": 8,
    "model": "admin.logentry",
    "fields": {
      "action_flag": 1,
      "action_time": "2013-05-24T23:53:18.155Z",
      "object_repr": "Gas Detector",
      "object_id": "3",
      "change_message": "",
      "user": 2,
      "content_type": 15
    }
  },
  {
    "pk": 7,
    "model": "admin.logentry",
    "fields": {
      "action_flag": 2,
      "action_time": "2013-05-24T23:49:31.814Z",
      "object_repr": "Energy Account",
      "object_id": "2",
      "change_message": "Changed lead.",
      "user": 2,
      "content_type": 15
    }
  },
  {
    "pk": 6,
    "model": "admin.logentry",
    "fields": {
      "action_flag": 1,
      "action_time": "2013-05-24T23:49:01.722Z",
      "object_repr": "Energy Account",
      "object_id": "2",
      "change_message": "",
      "user": 2,
      "content_type": 15
    }
  },
  {
    "pk": 5,
    "model": "admin.logentry",
    "fields": {
      "action_flag": 2,
      "action_time": "2013-05-24T23:39:46.168Z",
      "object_repr": "Provider Finder",
      "object_id": "1",
      "change_message": "Changed lead.",
      "user": 2,
      "content_type": 15
    }
  },
  {
    "pk": 4,
    "model": "admin.logentry",
    "fields": {
      "action_flag": 1,
      "action_time": "2013-05-24T23:34:16.735Z",
      "object_repr": "Provider Finder",
      "object_id": "1",
      "change_message": "",
      "user": 2,
      "content_type": 15
    }
  },
  {
    "pk": 3,
    "model": "admin.logentry",
    "fields": {
      "action_flag": 2,
      "action_time": "2013-05-24T23:25:23.732Z",
      "object_repr": "me310",
      "object_id": "2",
      "change_message": "Changed password and user_permissions.",
      "user": 1,
      "content_type": 3
    }
  },
  {
    "pk": 2,
    "model": "admin.logentry",
    "fields": {
      "action_flag": 2,
      "action_time": "2013-05-24T23:22:20.835Z",
      "object_repr": "me310",
      "object_id": "2",
      "change_message": "Changed password and is_staff.",
      "user": 1,
      "content_type": 3
    }
  },
  {
    "pk": 1,
    "model": "admin.logentry",
    "fields": {
      "action_flag": 1,
      "action_time": "2013-05-24T23:20:41.091Z",
      "object_repr": "me310",
      "object_id": "2",
      "change_message": "",
      "user": 1,
      "content_type": 3
    }
  }
]